2026/09/06 12:52:32.867, 1, 0
2026/09/06 12:52:33.871, 1, 0
2026/09/06 12:52:34.871, 1, 0
2026/09/06 12:52:35.871, 1, 0
2026/09/06 12:52:36.871, 1, 0
2026/09/06 12:52:37.872, 2, 0
2026/09/06 12:52:38.873, 4, 0
2026/09/06 12:52:39.873, 4, 0
2026/09/06 12:52:40.874, 4, 0
2026/09/06 12:52:41.874, 4, 0
2026/09/06 12:52:42.874, 4, 0
2026/09/06 12:52:43.874, 4, 0
2026/09/06 12:52:44.874, 4, 0
2026/09/06 12:52:45.875, 4, 0
2026/09/06 12:52:46.875, 4, 0
2026/09/06 12:52:47.875, 4, 0
2026/09/06 12:52:48.875, 4, 0
2026/09/06 12:52:49.876, 4, 0
2026/09/06 12:52:50.876, 4, 0
2026/09/06 12:52:51.876, 4, 0
2026/09/06 12:52:52.876, 4, 0
2026/09/06 12:52:53.877, 4, 0
2026/09/06 12:52:54.877, 4, 0
2026/09/06 12:52:55.877, 4, 0
2026/09/06 12:52:56.877, 4, 0
2026/09/06 12:52:57.878, 4, 0
2026/09/06 12:52:58.878, 4, 0
2026/09/06 12:52:59.878, 4, 0
2026/09/06 12:53:00.879, 4, 0
2026/09/06 12:53:01.879, 4, 0
2026/09/06 12:53:02.879, 4, 0
2026/09/06 12:53:03.879, 4, 0
2026/09/06 12:53:04.880, 4, 0
2026/09/06 12:53:05.880, 4, 0
2026/09/06 12:53:06.880, 4, 0
2026/09/06 12:53:07.880, 4, 0
2026/09/06 12:53:08.881, 4, 0
2026/09/06 12:53:09.881, 4, 0
2026/09/06 12:53:10.881, 4, 0
2026/09/06 12:53:11.881, 4, 0
2026/09/06 12:53:12.882, 4, 0
2026/09/06 12:53:13.882, 4, 0
2026/09/06 12:53:14.882, 4, 0
2026/09/06 12:53:15.883, 4, 0
2026/09/06 12:53:16.883, 4, 0
2026/09/06 12:53:17.883, 4, 0
2026/09/06 12:53:18.883, 4, 0
2026/09/06 12:53:19.884, 4, 0
2026/09/06 12:53:20.884, 4, 0
2026/09/06 12:53:21.884, 4, 0
2026/09/06 12:53:22.884, 4, 0
2026/09/06 12:53:23.885, 4, 0
2026/09/06 12:53:24.885, 4, 0
2026/09/06 12:53:25.885, 4, 0
2026/09/06 12:53:26.885, 395, 0
2026/09/06 12:53:27.886, 395, 0
2026/09/06 12:53:28.886, 733, 4
2026/09/06 12:53:29.886, 735, 11
2026/09/06 12:53:30.886, 737, 5
2026/09/06 12:53:31.886, 739, 5
2026/09/06 12:53:32.887, 741, 3
2026/09/06 12:53:33.887, 743, 4
2026/09/06 12:53:34.887, 745, 11
2026/09/06 12:53:35.887, 747, 6
2026/09/06 12:53:36.888, 747, 5
2026/09/06 12:53:37.888, 749, 5
2026/09/06 12:53:38.888, 751, 9
2026/09/06 12:53:39.888, 2237, 5
2026/09/06 12:53:40.888, 2239, 0
2026/09/06 12:53:41.889, 2239, 14
2026/09/06 12:53:42.889, 2239, 16
2026/09/06 12:53:43.889, 2239, 16
2026/09/06 12:53:44.889, 2239, 7
2026/09/06 12:53:45.890, 2239, 7
2026/09/06 12:53:46.890, 2241, 8
2026/09/06 12:53:47.890, 2821, 6
2026/09/06 12:53:48.890, 2821, 24
2026/09/06 12:53:49.891, 2821, 25
2026/09/06 12:53:50.891, 2821, 0
2026/09/06 12:53:51.891, 2821, 0
2026/09/06 12:53:52.891, 2821, 0
2026/09/06 12:53:53.892, 2821, 0
2026/09/06 12:53:54.892, 2821, 0
2026/09/06 12:53:55.892, 2821, 0
2026/09/06 12:53:56.892, 2821, 0
2026/09/06 12:53:57.893, 2821, 0
2026/09/06 12:53:58.893, 2821, 0
2026/09/06 12:53:59.893, 2797, 0
2026/09/06 12:54:00.893, 4, 0
2026/09/06 12:54:02.217, 1, 0
2026/09/06 12:54:03.218, 1, 0
2026/09/06 12:54:04.218, 1, 0
2026/09/06 12:54:05.218, 1, 0
2026/09/06 12:54:06.218, 1, 0
2026/09/06 12:54:07.219, 1, 0
2026/09/06 12:54:08.219, 1, 0
2026/09/06 12:54:09.219, 1, 0
2026/09/06 12:54:10.219, 1, 0
2026/09/06 12:54:11.220, 1, 0
2026/09/06 12:54:12.220, 1, 0
2026/09/06 12:54:13.220, 1, 0
2026/09/06 12:54:14.221, 1, 0
2026/09/06 12:54:15.221, 4, 0
2026/09/06 12:54:16.221, 4, 0
2026/09/06 12:54:17.221, 4, 0
2026/09/06 12:54:18.222, 4, 0
2026/09/06 12:54:19.222, 4, 0
2026/09/06 12:54:20.222, 4, 0
2026/09/06 12:54:21.222, 4, 0
2026/09/06 12:54:22.223, 4, 0
2026/09/06 12:54:23.223, 4, 0
2026/09/06 12:54:24.223, 4, 0
2026/09/06 12:54:25.224, 4, 0
2026/09/06 12:54:26.224, 4, 0
2026/09/06 12:54:27.224, 4, 0
2026/09/06 12:54:28.224, 4, 0
2026/09/06 12:54:29.225, 4, 0
2026/09/06 12:54:30.225, 4, 0
2026/09/06 12:54:31.225, 4, 0
2026/09/06 12:54:32.225, 4, 0
2026/09/06 12:54:33.225, 4, 0
2026/09/06 12:54:34.226, 4, 0
2026/09/06 12:54:35.226, 4, 0
2026/09/06 12:54:36.226, 4, 0
2026/09/06 12:54:37.226, 4, 0
2026/09/06 12:54:38.227, 4, 0
2026/09/06 12:54:39.227, 4, 0
2026/09/06 12:54:40.227, 4, 0
2026/09/06 12:54:41.228, 4, 0
2026/09/06 12:54:42.228, 4, 0
2026/09/06 12:54:43.228, 4, 0
2026/09/06 12:54:44.228, 4, 0
2026/09/06 12:54:45.228, 4, 0
2026/09/06 12:54:46.229, 4, 0
2026/09/06 12:54:47.229, 4, 0
2026/09/06 12:54:48.229, 4, 0
2026/09/06 12:54:49.230, 4, 0
2026/09/06 12:54:50.230, 4, 0
2026/09/06 12:54:51.230, 4, 0
2026/09/06 12:54:52.230, 4, 0
2026/09/06 12:54:53.230, 4, 0
2026/09/06 12:54:54.231, 4, 0
2026/09/06 12:54:55.231, 4, 0
2026/09/06 12:54:56.231, 4, 0
2026/09/06 12:54:57.232, 4, 0
2026/09/06 12:54:58.232, 1, 0
2026/09/06 12:54:59.232, 1, 0
2026/09/06 12:55:00.232, 1, 0
2026/09/06 12:55:01.233, 1, 0
2026/09/06 12:55:02.233, 1, 0
2026/09/06 12:55:03.233, 1, 0
2026/09/06 12:55:04.234, 1, 0
2026/09/06 12:55:05.234, 1, 0
2026/09/06 12:55:06.234, 1, 0
2026/09/06 12:55:07.234, 1, 0
2026/09/06 12:55:08.235, 1, 0
2026/09/06 12:55:09.235, 1, 0
2026/09/06 12:55:10.235, 1, 0
2026/09/06 12:55:11.235, 1, 0
2026/09/06 12:55:12.236, 1, 0
2026/09/06 12:55:13.236, 1, 0
2026/09/06 12:55:14.236, 4, 0
2026/09/06 12:55:15.237, 4, 0
2026/09/06 12:55:16.237, 4, 0
2026/09/06 12:55:17.237, 4, 0
2026/09/06 12:55:18.237, 4, 0
2026/09/06 12:55:19.238, 4, 0
2026/09/06 12:55:20.238, 4, 0
2026/09/06 12:55:21.238, 4, 0
2026/09/06 12:55:22.238, 4, 0
2026/09/06 12:55:23.239, 4, 0
2026/09/06 12:55:24.239, 4, 0
2026/09/06 12:55:25.239, 4, 0
2026/09/06 12:55:26.239, 4, 0
2026/09/06 12:55:27.240, 4, 0
2026/09/06 12:55:28.240, 4, 0
2026/09/06 12:55:29.240, 4, 0
2026/09/06 12:55:30.240, 4, 0
2026/09/06 12:55:31.240, 4, 0
2026/09/06 12:55:32.241, 4, 0
2026/09/06 12:55:33.241, 4, 0
2026/09/06 12:55:34.241, 4, 0
2026/09/06 12:55:35.241, 4, 0
2026/09/06 12:55:36.242, 4, 0
2026/09/06 12:55:37.242, 4, 0
2026/09/06 12:55:38.242, 4, 0
2026/09/06 12:55:39.242, 4, 0
2026/09/06 12:55:40.243, 4, 0
2026/09/06 12:55:41.243, 4, 0
2026/09/06 12:55:42.243, 4, 0
2026/09/06 12:55:43.243, 4, 0
2026/09/06 12:55:44.244, 4, 0
2026/09/06 12:55:45.244, 4, 0
2026/09/06 12:55:46.244, 4, 0
2026/09/06 12:55:47.244, 4, 0
2026/09/06 12:55:48.245, 4, 0
2026/09/06 12:55:49.245, 4, 0
2026/09/06 12:55:50.245, 4, 0
2026/09/06 12:55:51.245, 4, 0
2026/09/06 12:55:52.246, 4, 0
2026/09/06 12:55:53.246, 4, 0
2026/09/06 12:55:54.246, 4, 0
2026/09/06 12:55:55.246, 4, 0
2026/09/06 12:55:56.247, 4, 0
2026/09/06 12:55:57.247, 4, 0
2026/09/06 12:55:58.247, 4, 0
2026/09/06 12:55:59.247, 4, 0
2026/09/06 12:56:00.248, 395, 0
2026/09/06 12:56:01.248, 395, 0
2026/09/06 12:56:02.248, 395, 0
2026/09/06 12:56:03.248, 733, 4
2026/09/06 12:56:04.248, 735, 4
2026/09/06 12:56:05.249, 737, 4
2026/09/06 12:56:06.249, 739, 4
2026/09/06 12:56:07.249, 741, 4
2026/09/06 12:56:08.249, 741, 3
2026/09/06 12:56:09.250, 743, 4
2026/09/06 12:56:10.250, 745, 4
2026/09/06 12:56:11.250, 747, 11
2026/09/06 12:56:12.250, 749, 10
2026/09/06 12:56:13.251, 751, 11
2026/09/06 12:56:14.251, 1495, 8
2026/09/06 12:56:15.251, 2239, 0
2026/09/06 12:56:16.252, 2239, 14
2026/09/06 12:56:17.252, 2239, 7
2026/09/06 12:56:18.252, 2239, 15
2026/09/06 12:56:19.252, 2239, 14
2026/09/06 12:56:20.253, 2239, 16
2026/09/06 12:56:21.253, 2239, 15
2026/09/06 12:56:22.253, 2239, 8
2026/09/06 12:56:23.253, 2821, 2
2026/09/06 12:56:24.254, 2821, 10
2026/09/06 12:56:25.254, 2821, 11
2026/09/06 12:56:26.254, 2821, 8
2026/09/06 12:56:27.255, 2821, 13
2026/09/06 12:56:28.255, 2821, 8
2026/09/06 12:56:29.255, 2821, 14
2026/09/06 12:56:30.255, 2821, 0
2026/09/06 12:56:31.256, 2821, 0
2026/09/06 12:56:32.256, 2821, 0
2026/09/06 12:56:33.256, 2821, 0
2026/09/06 12:56:34.256, 2821, 0
2026/09/06 12:56:35.257, 2821, 0
2026/09/06 12:56:36.257, 2821, 0
2026/09/06 12:56:37.257, 2821, 0
2026/09/06 12:56:38.257, 2821, 0
2026/09/06 12:56:39.257, 2821, 0
2026/09/06 12:56:40.258, 2821, 0
2026/09/06 12:56:41.258, 2821, 0
2026/09/06 12:56:42.258, 2821, 0
2026/09/06 12:56:43.259, 2821, 0
2026/09/06 12:56:44.259, 2821, 0
2026/09/06 12:56:45.259, 2821, 0
2026/09/06 12:56:46.259, 2821, 0
2026/09/06 12:56:47.260, 2821, 0
2026/09/06 12:56:48.260, 2821, 0
2026/09/06 12:56:49.260, 2821, 0
2026/09/06 12:56:50.260, 2821, 0
2026/09/06 12:56:51.261, 2821, 0
2026/09/06 12:56:52.262, 2821, 0
2026/09/06 12:56:53.262, 2821, 0
2026/09/06 12:56:54.262, 2821, 0
2026/09/06 12:56:55.263, 2821, 0
2026/09/06 12:56:56.263, 2821, 0
2026/09/06 12:56:57.263, 2821, 0
2026/09/06 12:56:58.263, 2821, 0
2026/09/06 12:56:59.264, 2821, 0
2026/09/06 12:57:00.264, 2821, 0
2026/09/06 12:57:01.264, 2821, 0
2026/09/06 12:57:02.264, 2821, 0
2026/09/06 12:57:03.265, 2821, 0
2026/09/06 12:57:04.265, 2821, 0
2026/09/06 12:57:05.265, 2821, 0
2026/09/06 12:57:06.266, 2821, 0
2026/09/06 12:57:07.266, 2821, 0
2026/09/06 12:57:08.266, 2821, 0
2026/09/06 12:57:09.266, 2821, 0
2026/09/06 12:57:10.267, 2821, 0
2026/09/06 12:57:11.267, 2821, 0
2026/09/06 12:57:12.267, 2821, 0
2026/09/06 12:57:13.267, 2821, 0
2026/09/06 12:57:14.268, 2821, 0
2026/09/06 12:57:15.268, 2821, 0
2026/09/06 12:57:16.268, 2821, 0
2026/09/06 12:57:17.268, 2821, 0
2026/09/06 12:57:18.269, 2821, 0
2026/09/06 12:57:19.269, 2821, 0
2026/09/06 12:57:20.269, 2821, 0
2026/09/06 12:57:21.269, 2821, 0
2026/09/06 12:57:22.270, 2821, 0
2026/09/06 12:57:23.270, 2821, 0
2026/09/06 12:57:24.270, 2821, 0
2026/09/06 12:57:25.271, 2821, 0
2026/09/06 12:57:26.271, 2821, 0
2026/09/06 12:57:27.271, 1073, 0
2026/09/06 12:57:28.271, 8803, 21
2026/09/06 12:57:29.272, 8803, 20
2026/09/06 12:57:30.272, 8929, 0
2026/09/06 12:57:31.272, 9009, 2
2026/09/06 12:57:32.272, 14811, 0
2026/09/06 12:57:33.273, 21683, 62
2026/09/06 12:57:34.273, 21683, 0
2026/09/06 12:57:35.273, 19437, 12
2026/09/06 12:57:36.273, 17597, 11
2026/09/06 12:57:37.274, 15683, 12
2026/09/06 12:57:38.274, 9965, 12
2026/09/06 12:57:39.274, 1127, 69
2026/09/06 12:57:40.274, 1127, 0
2026/09/06 12:57:41.275, 8983, 95
2026/09/06 12:57:42.275, 15967, 0
2026/09/06 12:57:43.275, 15967, 0
2026/09/06 12:57:44.275, 15925, 28
2026/09/06 12:57:45.276, 15925, 0
2026/09/06 12:57:46.276, 4, 0
2026/09/06 12:57:48.293, 1, 0
2026/09/06 12:57:49.293, 1, 0
2026/09/06 12:57:50.294, 1, 0
2026/09/06 12:57:51.294, 1, 0
2026/09/06 12:57:52.294, 1, 0
2026/09/06 12:57:53.294, 1, 0
2026/09/06 12:57:54.295, 1, 0
2026/09/06 12:57:55.295, 1, 0
2026/09/06 12:57:56.295, 1, 0
2026/09/06 12:57:57.295, 1, 0
2026/09/06 12:57:58.296, 1, 0
2026/09/06 12:57:59.296, 1, 0
2026/09/06 12:58:00.296, 1, 0
2026/09/06 12:58:01.296, 1, 0
2026/09/06 12:58:02.297, 1, 0
2026/09/06 12:58:03.297, 1, 0
2026/09/06 12:58:04.297, 1, 0
2026/09/06 12:58:05.297, 1, 0
2026/09/06 12:58:06.298, 1, 0
2026/09/06 12:58:07.298, 1, 0
2026/09/06 12:58:08.298, 1, 0
2026/09/06 12:58:09.298, 1, 0
2026/09/06 12:58:10.298, 1, 0
2026/09/06 12:58:11.299, 1, 0
2026/09/06 12:58:12.299, 1, 0
2026/09/06 12:58:13.299, 1, 0
2026/09/06 12:58:14.299, 1, 0
2026/09/06 12:58:15.300, 1, 0
2026/09/06 12:58:16.300, 1, 0
2026/09/06 12:58:17.300, 1, 0
2026/09/06 12:58:18.300, 1, 0
2026/09/06 12:58:19.301, 1, 0
2026/09/06 12:58:20.301, 1, 0
2026/09/06 12:58:21.301, 1, 0
2026/09/06 12:58:22.301, 1, 0
2026/09/06 12:58:23.302, 1, 0
2026/09/06 12:58:24.302, 1, 0
2026/09/06 12:58:25.302, 1, 0
2026/09/06 12:58:26.302, 1, 0
2026/09/06 12:58:27.303, 1, 0
2026/09/06 12:58:28.303, 1, 0
2026/09/06 12:58:29.303, 1, 0
2026/09/06 12:58:30.304, 1, 0
2026/09/06 12:58:31.304, 1, 0
2026/09/06 12:58:32.304, 1, 0
2026/09/06 12:58:33.304, 1, 0
2026/09/06 12:58:34.305, 1, 0
2026/09/06 12:58:35.305, 1, 0
2026/09/06 12:58:36.305, 1, 0
2026/09/06 12:58:37.305, 1, 0
2026/09/06 12:58:38.306, 1, 0
2026/09/06 12:58:39.306, 1, 0
2026/09/06 12:58:40.306, 1, 0
2026/09/06 12:58:41.306, 1, 0
2026/09/06 12:58:42.307, 1, 0
2026/09/06 12:58:43.307, 1, 0
2026/09/06 12:58:44.307, 1, 0
2026/09/06 12:58:45.308, 1, 0
2026/09/06 12:58:46.308, 1, 0
2026/09/06 12:58:47.308, 1, 0
2026/09/06 12:58:48.308, 1, 0
2026/09/06 12:58:49.309, 1, 0
2026/09/06 12:58:50.309, 1, 0
2026/09/06 12:58:51.309, 1, 0
2026/09/06 12:58:52.309, 1, 0
2026/09/06 12:58:53.310, 1, 0
2026/09/06 12:58:54.310, 1, 0
2026/09/06 12:58:55.310, 4, 0
2026/09/06 12:58:56.310, 4, 0
2026/09/06 12:58:57.311, 4, 0
2026/09/06 12:58:58.311, 4, 0
2026/09/06 12:58:59.311, 4, 0
2026/09/06 12:59:00.311, 4, 0
2026/09/06 12:59:01.312, 4, 0
2026/09/06 12:59:02.312, 4, 0
2026/09/06 12:59:03.312, 4, 0
2026/09/06 12:59:04.312, 4, 0
2026/09/06 12:59:05.313, 4, 0
2026/09/06 12:59:06.313, 4, 0
2026/09/06 12:59:07.313, 4, 0
2026/09/06 12:59:08.313, 4, 0
2026/09/06 12:59:09.314, 4, 0
2026/09/06 12:59:10.314, 4, 0
2026/09/06 12:59:11.314, 4, 0
2026/09/06 12:59:12.315, 4, 0
2026/09/06 12:59:13.315, 4, 0
2026/09/06 12:59:14.315, 4, 0
2026/09/06 12:59:15.316, 4, 0
2026/09/06 12:59:16.316, 4, 0
2026/09/06 12:59:17.316, 4, 0
2026/09/06 12:59:18.316, 4, 0
2026/09/06 12:59:19.317, 4, 0
2026/09/06 12:59:20.317, 4, 0
2026/09/06 12:59:21.317, 4, 0
2026/09/06 12:59:22.318, 4, 0
2026/09/06 12:59:23.318, 4, 0
2026/09/06 12:59:24.318, 4, 0
2026/09/06 12:59:25.318, 4, 0
2026/09/06 12:59:26.318, 4, 0
2026/09/06 12:59:27.319, 4, 0
2026/09/06 12:59:28.319, 4, 0
2026/09/06 12:59:29.319, 4, 0
2026/09/06 12:59:30.319, 4, 0
2026/09/06 12:59:31.320, 4, 0
2026/09/06 12:59:32.320, 4, 0
2026/09/06 12:59:33.320, 4, 0
2026/09/06 12:59:34.320, 4, 0
2026/09/06 12:59:35.320, 4, 0
2026/09/06 12:59:36.321, 4, 0
2026/09/06 12:59:37.321, 4, 0
2026/09/06 12:59:38.321, 4, 0
2026/09/06 12:59:39.321, 4, 0
2026/09/06 12:59:40.322, 4, 0
2026/09/06 12:59:41.322, 4, 0
2026/09/06 12:59:42.322, 4, 0
2026/09/06 12:59:43.322, 4, 0
2026/09/06 12:59:44.323, 4, 0
2026/09/06 12:59:45.323, 395, 2
2026/09/06 12:59:46.323, 395, 0
2026/09/06 12:59:47.323, 395, 0
2026/09/06 12:59:48.324, 733, 4
2026/09/06 12:59:49.324, 735, 4
2026/09/06 12:59:50.324, 737, 3
2026/09/06 12:59:51.324, 739, 5
2026/09/06 12:59:52.325, 741, 3
2026/09/06 12:59:53.325, 743, 4
2026/09/06 12:59:54.325, 743, 5
2026/09/06 12:59:55.325, 745, 10
2026/09/06 12:59:56.326, 747, 11
2026/09/06 12:59:57.326, 749, 5
2026/09/06 12:59:58.326, 751, 4
2026/09/06 12:59:59.326, 2237, 5
2026/09/06 13:00:00.327, 2239, 0
2026/09/06 13:00:01.327, 2239, 15
2026/09/06 13:00:02.327, 2239, 14
2026/09/06 13:00:03.327, 2239, 5
2026/09/06 13:00:04.328, 2239, 4
2026/09/06 13:00:05.328, 2239, 3
2026/09/06 13:00:06.328, 2239, 13
2026/09/06 13:00:07.328, 2239, 3
2026/09/06 13:00:08.329, 2239, 6
2026/09/06 13:00:09.329, 2239, 3
2026/09/06 13:00:10.329, 2239, 4
2026/09/06 13:00:11.329, 2241, 0
2026/09/06 13:00:12.330, 2287, 17
2026/09/06 13:00:13.330, 2821, 0
2026/09/06 13:00:14.330, 2821, 7
2026/09/06 13:00:15.330, 2821, 13
2026/09/06 13:00:16.331, 2821, 6
2026/09/06 13:00:17.331, 2821, 10
2026/09/06 13:00:18.331, 2821, 12
2026/09/06 13:00:19.331, 2821, 12
2026/09/06 13:00:20.332, 2821, 0
2026/09/06 13:00:21.332, 2821, 0
2026/09/06 13:00:22.332, 2821, 0
2026/09/06 13:00:23.332, 2821, 0
2026/09/06 13:00:24.333, 2821, 0
2026/09/06 13:00:25.333, 2821, 0
2026/09/06 13:00:26.333, 2821, 0
2026/09/06 13:00:27.333, 2821, 0
2026/09/06 13:00:28.334, 2821, 0
2026/09/06 13:00:29.334, 2821, 0
2026/09/06 13:00:30.334, 2821, 0
2026/09/06 13:00:31.334, 2821, 0
2026/09/06 13:00:32.335, 2821, 0
2026/09/06 13:00:33.335, 2821, 0
2026/09/06 13:00:34.335, 2821, 0
2026/09/06 13:00:35.335, 2821, 0
2026/09/06 13:00:36.336, 2821, 0
2026/09/06 13:00:37.336, 2821, 0
2026/09/06 13:00:38.336, 2821, 0
2026/09/06 13:00:39.336, 2821, 0
2026/09/06 13:00:40.337, 2821, 0
2026/09/06 13:00:41.337, 2821, 0
2026/09/06 13:00:42.337, 2821, 0
2026/09/06 13:00:43.338, 2821, 0
2026/09/06 13:00:44.338, 2821, 0
2026/09/06 13:00:45.338, 2821, 0
2026/09/06 13:00:46.338, 2821, 0
2026/09/06 13:00:47.339, 2821, 0
2026/09/06 13:00:48.339, 2821, 0
2026/09/06 13:00:49.339, 2821, 0
2026/09/06 13:00:50.339, 2821, 0
2026/09/06 13:00:51.340, 2821, 0
2026/09/06 13:00:52.340, 2821, 0
2026/09/06 13:00:53.340, 2821, 0
2026/09/06 13:00:54.340, 2821, 0
2026/09/06 13:00:55.341, 2821, 0
2026/09/06 13:00:56.341, 2821, 0
2026/09/06 13:00:57.341, 2821, 0
2026/09/06 13:00:58.341, 2821, 0
2026/09/06 13:00:59.342, 2821, 0
2026/09/06 13:01:00.342, 2821, 0
2026/09/06 13:01:01.342, 2821, 0
2026/09/06 13:01:02.343, 2821, 0
2026/09/06 13:01:03.343, 2821, 0
2026/09/06 13:01:04.343, 2821, 0
2026/09/06 13:01:05.343, 2821, 0
2026/09/06 13:01:06.344, 2821, 0
2026/09/06 13:01:07.344, 2821, 0
2026/09/06 13:01:08.344, 2821, 0
2026/09/06 13:01:09.344, 2821, 0
2026/09/06 13:01:10.345, 2821, 0
2026/09/06 13:01:11.345, 2821, 0
2026/09/06 13:01:12.345, 2821, 0
2026/09/06 13:01:13.345, 2821, 0
2026/09/06 13:01:14.346, 2821, 0
2026/09/06 13:01:15.346, 1073, 0
2026/09/06 13:01:16.346, 8803, 9
2026/09/06 13:01:17.346, 8803, 25
2026/09/06 13:01:18.347, 8929, 0
2026/09/06 13:01:19.347, 9009, 3
2026/09/06 13:01:20.347, 14811, 0
2026/09/06 13:01:21.347, 21683, 0
2026/09/06 13:01:22.348, 21683, 0
2026/09/06 13:01:23.348, 19437, 12
2026/09/06 13:01:24.348, 17597, 12
2026/09/06 13:01:25.348, 15855, 6
2026/09/06 13:01:26.349, 14019, 12
2026/09/06 13:01:27.349, 1127, 0
2026/09/06 13:01:28.349, 1127, 0
2026/09/06 13:01:29.349, 8275, 0
2026/09/06 13:01:30.350, 15967, 0
2026/09/06 13:01:31.350, 15967, 0
2026/09/06 13:01:32.350, 15967, 0
2026/09/06 13:01:33.350, 15967, 0
2026/09/06 13:01:34.351, 15967, 0
2026/09/06 13:01:35.351, 15967, 0
2026/09/06 13:01:36.351, 15967, 0
2026/09/06 13:01:37.351, 15967, 0
2026/09/06 13:01:38.352, 15967, 0
2026/09/06 13:01:39.352, 15991, 0
2026/09/06 13:01:40.352, 15991, 0
2026/09/06 13:01:41.352, 15991, 0
2026/09/06 13:01:42.353, 15991, 0
2026/09/06 13:01:43.353, 15991, 0
2026/09/06 13:01:44.353, 15991, 0
2026/09/06 13:01:45.353, 15991, 7
2026/09/06 13:01:46.354, 15991, 7
2026/09/06 13:01:47.354, 15991, 7
2026/09/06 13:01:48.354, 15991, 9
2026/09/06 13:01:49.354, 15991, 11
2026/09/06 13:01:50.355, 15991, 10
2026/09/06 13:01:51.355, 15991, 10
2026/09/06 13:01:52.355, 15991, 10
2026/09/06 13:01:53.355, 15991, 10
2026/09/06 13:01:54.356, 15991, 10
2026/09/06 13:01:55.356, 15991, 10
2026/09/06 13:01:56.356, 15991, 9
2026/09/06 13:01:57.356, 15991, 10
2026/09/06 13:01:58.357, 15991, 9
2026/09/06 13:01:59.357, 15991, 10
2026/09/06 13:02:00.357, 15991, 10
2026/09/06 13:02:01.357, 15991, 10
2026/09/06 13:02:02.358, 15991, 10
2026/09/06 13:02:03.358, 15991, 9
2026/09/06 13:02:04.358, 15991, 9
2026/09/06 13:02:05.358, 15991, 9
2026/09/06 13:02:06.359, 15991, 9
2026/09/06 13:02:07.359, 15991, 7
2026/09/06 13:02:08.359, 15991, 7
2026/09/06 13:02:09.359, 15991, 10
2026/09/06 13:02:10.360, 15991, 10
2026/09/06 13:02:11.360, 15991, 9
2026/09/06 13:02:12.360, 15991, 10
2026/09/06 13:02:13.360, 15991, 9
2026/09/06 13:02:14.361, 15991, 9
2026/09/06 13:02:15.361, 15991, 10
2026/09/06 13:02:16.361, 15991, 11
2026/09/06 13:02:17.361, 15991, 25
2026/09/06 13:02:18.362, 15991, 25
2026/09/06 13:02:19.362, 15991, 25
2026/09/06 13:02:20.362, 15991, 26
2026/09/06 13:02:21.362, 15991, 25
2026/09/06 13:02:22.363, 15991, 26
2026/09/06 13:02:23.363, 15991, 26
2026/09/06 13:02:24.363, 15991, 24
2026/09/06 13:02:25.363, 15991, 25
2026/09/06 13:02:26.364, 15991, 26
2026/09/06 13:02:27.364, 15991, 26
2026/09/06 13:02:28.364, 15991, 26
2026/09/06 13:02:29.364, 15991, 26
2026/09/06 13:02:30.365, 15991, 26
2026/09/06 13:02:31.365, 15991, 26
2026/09/06 13:02:32.365, 15991, 26
2026/09/06 13:02:33.365, 15991, 26
2026/09/06 13:02:34.366, 15991, 26
2026/09/06 13:02:35.366, 15991, 26
2026/09/06 13:02:36.366, 15991, 26
2026/09/06 13:02:37.366, 15991, 25
2026/09/06 13:02:38.367, 15991, 24
2026/09/06 13:02:39.367, 15991, 26
2026/09/06 13:02:40.367, 15991, 26
2026/09/06 13:02:41.368, 15991, 25
2026/09/06 13:02:42.368, 15991, 26
2026/09/06 13:02:43.368, 15991, 26
2026/09/06 13:02:44.368, 15991, 26
2026/09/06 13:02:45.369, 15991, 26
2026/09/06 13:02:46.369, 15991, 26
2026/09/06 13:02:47.369, 15991, 25
2026/09/06 13:02:48.369, 15991, 26
2026/09/06 13:02:49.370, 15991, 26
2026/09/06 13:02:50.370, 15991, 20
2026/09/06 13:02:51.370, 15991, 11
2026/09/06 13:02:52.370, 15991, 10
2026/09/06 13:02:53.370, 15991, 11
2026/09/06 13:02:54.371, 15991, 10
2026/09/06 13:02:55.371, 15991, 10
2026/09/06 13:02:56.371, 15991, 9
2026/09/06 13:02:57.372, 15991, 10
2026/09/06 13:02:58.372, 15991, 10
2026/09/06 13:02:59.372, 15991, 9
2026/09/06 13:03:00.372, 15991, 9
2026/09/06 13:03:01.373, 15991, 10
2026/09/06 13:03:02.373, 15991, 10
2026/09/06 13:03:03.373, 15991, 9
2026/09/06 13:03:04.373, 15991, 10
2026/09/06 13:03:05.373, 15991, 9
2026/09/06 13:03:06.374, 15991, 7
2026/09/06 13:03:07.374, 15991, 7
2026/09/06 13:03:08.374, 15991, 7
2026/09/06 13:03:09.374, 15991, 9
2026/09/06 13:03:10.375, 15991, 9
2026/09/06 13:03:11.375, 15991, 10
2026/09/06 13:03:12.375, 15991, 10
2026/09/06 13:03:13.375, 15991, 10
2026/09/06 13:03:14.376, 15991, 10
2026/09/06 13:03:15.376, 15991, 9
2026/09/06 13:03:16.376, 15991, 9
2026/09/06 13:03:17.376, 15991, 9
2026/09/06 13:03:18.377, 15991, 9
2026/09/06 13:03:19.377, 15991, 9
2026/09/06 13:03:20.377, 15991, 9
2026/09/06 13:03:21.377, 15991, 9
2026/09/06 13:03:22.378, 15991, 9
2026/09/06 13:03:23.378, 15991, 9
2026/09/06 13:03:24.378, 15991, 9
2026/09/06 13:03:25.378, 15991, 9
2026/09/06 13:03:26.379, 15991, 21
2026/09/06 13:03:27.379, 15991, 21
2026/09/06 13:03:28.379, 15991, 21
2026/09/06 13:03:29.379, 15991, 26
2026/09/06 13:03:30.380, 15991, 26
2026/09/06 13:03:31.380, 15991, 25
2026/09/06 13:03:32.380, 15991, 20
2026/09/06 13:03:33.380, 15991, 22
2026/09/06 13:03:34.381, 15991, 21
2026/09/06 13:03:35.381, 15991, 25
2026/09/06 13:03:36.381, 15991, 25
2026/09/06 13:03:37.381, 15991, 26
2026/09/06 13:03:38.382, 15991, 26
2026/09/06 13:03:39.382, 15991, 26
2026/09/06 13:03:40.382, 15991, 26
2026/09/06 13:03:41.383, 15991, 24
2026/09/06 13:03:42.383, 15991, 25
2026/09/06 13:03:43.383, 15991, 21
2026/09/06 13:03:44.383, 15991, 20
2026/09/06 13:03:45.384, 15991, 25
2026/09/06 13:03:46.384, 15991, 25
2026/09/06 13:03:47.384, 15991, 26
2026/09/06 13:03:48.384, 15991, 25
2026/09/06 13:03:49.384, 15991, 25
2026/09/06 13:03:50.385, 15991, 19
2026/09/06 13:03:51.385, 15991, 25
2026/09/06 13:03:52.385, 15991, 26
2026/09/06 13:03:53.386, 15991, 25
2026/09/06 13:03:54.386, 15991, 26
2026/09/06 13:03:55.386, 15991, 24
2026/09/06 13:03:56.386, 15991, 25
2026/09/06 13:03:57.387, 15991, 26
2026/09/06 13:03:58.387, 15991, 10
2026/09/06 13:03:59.387, 15991, 17
2026/09/06 13:04:00.387, 15991, 10
2026/09/06 13:04:01.388, 15991, 10
2026/09/06 13:04:02.388, 15991, 10
2026/09/06 13:04:03.388, 15991, 9
2026/09/06 13:04:04.388, 15991, 10
2026/09/06 13:04:05.389, 15991, 10
2026/09/06 13:04:06.389, 15991, 10
2026/09/06 13:04:07.389, 15991, 9
2026/09/06 13:04:08.389, 15991, 10
2026/09/06 13:04:09.390, 15991, 10
2026/09/06 13:04:10.390, 15991, 9
2026/09/06 13:04:11.390, 15991, 10
2026/09/06 13:04:12.390, 15991, 10
2026/09/06 13:04:13.391, 15991, 9
2026/09/06 13:04:14.391, 15991, 10
2026/09/06 13:04:15.391, 15991, 10
2026/09/06 13:04:16.391, 15991, 10
2026/09/06 13:04:17.392, 15991, 10
2026/09/06 13:04:18.392, 15991, 9
2026/09/06 13:04:19.392, 15991, 10
2026/09/06 13:04:20.392, 15991, 10
2026/09/06 13:04:21.393, 15991, 9
2026/09/06 13:04:22.393, 15991, 10
2026/09/06 13:04:23.393, 15991, 10
2026/09/06 13:04:24.393, 15991, 10
2026/09/06 13:04:25.394, 15991, 10
2026/09/06 13:04:26.394, 15991, 10
2026/09/06 13:04:27.394, 15991, 10
2026/09/06 13:04:28.394, 15991, 9
2026/09/06 13:04:29.395, 15991, 10
2026/09/06 13:04:30.395, 15991, 10
2026/09/06 13:04:31.395, 15991, 9
2026/09/06 13:04:32.395, 15991, 10
2026/09/06 13:04:33.396, 15991, 25
2026/09/06 13:04:34.396, 15991, 25
2026/09/06 13:04:35.396, 15991, 26
2026/09/06 13:04:36.397, 15991, 26
2026/09/06 13:04:37.397, 15991, 26
2026/09/06 13:04:38.397, 15991, 26
2026/09/06 13:04:39.397, 15991, 26
2026/09/06 13:04:40.398, 15991, 26
2026/09/06 13:04:41.398, 15991, 27
2026/09/06 13:04:42.398, 15991, 26
2026/09/06 13:04:43.398, 15991, 26
2026/09/06 13:04:44.399, 15991, 25
2026/09/06 13:04:45.399, 15991, 26
2026/09/06 13:04:46.399, 15991, 26
2026/09/06 13:04:47.399, 15991, 27
2026/09/06 13:04:48.400, 15991, 26
2026/09/06 13:04:49.400, 15991, 27
2026/09/06 13:04:50.400, 15991, 27
2026/09/06 13:04:51.400, 15991, 26
2026/09/06 13:04:52.401, 15991, 27
2026/09/06 13:04:53.401, 15991, 26
2026/09/06 13:04:54.401, 15991, 27
2026/09/06 13:04:55.401, 15991, 26
2026/09/06 13:04:56.402, 15991, 26
2026/09/06 13:04:57.402, 15991, 26
2026/09/06 13:04:58.402, 15991, 26
2026/09/06 13:04:59.403, 15991, 26
2026/09/06 13:05:00.403, 15991, 25
2026/09/06 13:05:01.403, 15991, 26
2026/09/06 13:05:02.403, 15991, 27
2026/09/06 13:05:03.404, 15991, 27
2026/09/06 13:05:04.404, 15991, 26
2026/09/06 13:05:05.404, 15991, 26
2026/09/06 13:05:06.404, 15991, 11
2026/09/06 13:05:07.405, 15991, 10
2026/09/06 13:05:08.405, 15991, 9
2026/09/06 13:05:09.405, 15991, 10
2026/09/06 13:05:10.406, 15991, 10
2026/09/06 13:05:11.406, 15991, 9
2026/09/06 13:05:12.406, 15991, 10
2026/09/06 13:05:13.406, 15991, 9
2026/09/06 13:05:14.407, 15991, 9
2026/09/06 13:05:15.407, 15991, 11
2026/09/06 13:05:16.407, 15991, 10
2026/09/06 13:05:17.407, 9085, 0
2026/09/06 13:05:18.408, 1151, 0
2026/09/06 13:05:19.408, 1127, 0
2026/09/06 13:05:20.408, 3697, 10
2026/09/06 13:05:21.409, 3799, 0
2026/09/06 13:05:22.409, 3799, 0
2026/09/06 13:05:23.409, 3799, 0
2026/09/06 13:05:24.409, 3861, 1
2026/09/06 13:05:25.410, 5011, 0
2026/09/06 13:05:26.410, 5031, 38
2026/09/06 13:05:27.410, 5031, 5
2026/09/06 13:05:28.410, 5031, 0
2026/09/06 13:05:29.411, 5031, 0
2026/09/06 13:05:30.411, 5031, 0
2026/09/06 13:05:31.411, 5031, 0
2026/09/06 13:05:32.411, 1157, 0
2026/09/06 13:05:33.412, 1157, 0
2026/09/06 13:05:34.412, 1157, 0
2026/09/06 13:05:35.412, 1157, 0
2026/09/06 13:05:36.412, 9013, 93
2026/09/06 13:05:37.413, 9013, 0
2026/09/06 13:05:38.413, 16021, 10
2026/09/06 13:05:39.413, 16021, 19
2026/09/06 13:05:40.414, 16021, 20
2026/09/06 13:05:41.414, 16021, 20
2026/09/06 13:05:42.414, 16021, 26
2026/09/06 13:05:43.414, 16021, 24
2026/09/06 13:05:44.415, 16021, 24
2026/09/06 13:05:45.415, 16021, 26
2026/09/06 13:05:46.415, 16021, 25
2026/09/06 13:05:47.415, 16021, 25
2026/09/06 13:05:48.416, 16021, 25
2026/09/06 13:05:49.416, 16021, 26
2026/09/06 13:05:50.416, 16021, 24
2026/09/06 13:05:51.416, 16021, 25
2026/09/06 13:05:52.417, 16021, 26
2026/09/06 13:05:53.417, 16021, 26
2026/09/06 13:05:54.417, 16021, 24
2026/09/06 13:05:55.417, 16021, 24
2026/09/06 13:05:56.418, 16021, 24
2026/09/06 13:05:57.418, 16021, 23
2026/09/06 13:05:58.418, 16021, 20
2026/09/06 13:05:59.419, 16021, 19
2026/09/06 13:06:00.419, 16021, 25
2026/09/06 13:06:01.419, 16021, 0
2026/09/06 13:06:02.419, 16021, 0
2026/09/06 13:06:03.420, 16021, 20
2026/09/06 13:06:04.420, 16021, 21
2026/09/06 13:06:05.420, 16021, 26
2026/09/06 13:06:06.420, 16021, 25
2026/09/06 13:06:07.421, 16021, 24
2026/09/06 13:06:08.421, 16021, 25
2026/09/06 13:06:09.421, 16021, 25
2026/09/06 13:06:10.421, 16021, 24
2026/09/06 13:06:11.422, 16021, 25
2026/09/06 13:06:12.422, 16021, 20
2026/09/06 13:06:13.422, 1181, 100
2026/09/06 13:06:14.423, 1157, 0
2026/09/06 13:06:15.423, 3749, 0
2026/09/06 13:06:16.423, 3909, 32
2026/09/06 13:06:17.424, 4491, 44
2026/09/06 13:06:18.424, 4531, 77
2026/09/06 13:06:19.424, 4531, 40
2026/09/06 13:06:20.424, 4531, 0
2026/09/06 13:06:21.424, 4531, 0
2026/09/06 13:06:22.425, 4531, 0
2026/09/06 13:06:23.425, 1157, 79
2026/09/06 13:06:24.425, 1157, 0
2026/09/06 13:06:25.425, 1157, 0
2026/09/06 13:06:26.426, 8335, 0
2026/09/06 13:06:27.426, 9013, 0
2026/09/06 13:06:28.426, 16021, 11
2026/09/06 13:06:29.426, 16021, 8
2026/09/06 13:06:30.427, 16021, 8
2026/09/06 13:06:31.427, 16021, 7
2026/09/06 13:06:32.427, 16021, 10
2026/09/06 13:06:33.428, 16021, 9
2026/09/06 13:06:34.428, 16021, 6
2026/09/06 13:06:35.428, 16021, 6
2026/09/06 13:06:36.428, 16021, 4
2026/09/06 13:06:37.429, 16021, 6
2026/09/06 13:06:38.429, 16021, 7
2026/09/06 13:06:39.429, 16021, 8
2026/09/06 13:06:40.429, 16021, 7
2026/09/06 13:06:41.430, 16021, 7
2026/09/06 13:06:42.430, 16021, 7
2026/09/06 13:06:43.430, 16021, 7
2026/09/06 13:06:44.430, 16021, 8
2026/09/06 13:06:45.431, 16021, 8
2026/09/06 13:06:46.431, 16021, 8
2026/09/06 13:06:47.431, 16021, 8
2026/09/06 13:06:48.432, 16021, 7
2026/09/06 13:06:49.432, 16021, 6
2026/09/06 13:06:50.432, 16021, 7
2026/09/06 13:06:51.432, 16021, 9
2026/09/06 13:06:52.433, 16021, 10
2026/09/06 13:06:53.433, 16021, 9
2026/09/06 13:06:54.433, 16021, 9
2026/09/06 13:06:55.433, 16021, 9
2026/09/06 13:06:56.434, 16021, 9
2026/09/06 13:06:57.434, 16021, 8
2026/09/06 13:06:58.434, 16021, 8
2026/09/06 13:06:59.434, 16021, 9
2026/09/06 13:07:00.435, 16021, 25
2026/09/06 13:07:01.435, 16021, 25
2026/09/06 13:07:02.435, 16021, 21
2026/09/06 13:07:03.436, 16021, 24
2026/09/06 13:07:04.436, 16021, 25
2026/09/06 13:07:05.436, 16021, 25
2026/09/06 13:07:06.436, 16021, 25
2026/09/06 13:07:07.437, 16021, 25
2026/09/06 13:07:08.437, 16021, 25
2026/09/06 13:07:09.437, 16021, 25
2026/09/06 13:07:10.437, 16021, 0
2026/09/06 13:07:11.438, 16021, 0
2026/09/06 13:07:12.438, 16021, 25
2026/09/06 13:07:13.438, 16021, 25
2026/09/06 13:07:14.438, 16021, 25
2026/09/06 13:07:15.439, 16021, 21
2026/09/06 13:07:16.439, 16021, 25
2026/09/06 13:07:17.439, 16021, 24
2026/09/06 13:07:18.439, 1181, 94
2026/09/06 13:07:19.440, 3749, 0
2026/09/06 13:07:20.440, 4491, 91
2026/09/06 13:07:21.440, 4511, 83
2026/09/06 13:07:22.441, 4511, 68
2026/09/06 13:07:23.441, 4511, 0
2026/09/06 13:07:24.441, 1157, 0
2026/09/06 13:07:25.441, 9013, 0
2026/09/06 13:07:26.442, 16013, 7
2026/09/06 13:07:27.442, 16013, 25
2026/09/06 13:07:28.442, 16013, 25
2026/09/06 13:07:29.442, 16013, 25
2026/09/06 13:07:30.443, 16013, 25
2026/09/06 13:07:31.443, 16013, 26
2026/09/06 13:07:32.443, 16013, 22
2026/09/06 13:07:33.443, 16013, 9
2026/09/06 13:07:34.444, 16013, 9
2026/09/06 13:07:35.444, 16013, 9
2026/09/06 13:07:36.444, 16013, 9
2026/09/06 13:07:37.444, 16013, 9
2026/09/06 13:07:38.445, 16013, 9
2026/09/06 13:07:39.445, 16013, 8
2026/09/06 13:07:40.445, 16013, 9
2026/09/06 13:07:41.445, 16013, 8
2026/09/06 13:07:42.446, 16013, 9
2026/09/06 13:07:43.446, 16013, 8
2026/09/06 13:07:44.446, 16013, 9
2026/09/06 13:07:45.447, 16013, 9
2026/09/06 13:07:46.447, 16013, 9
2026/09/06 13:07:47.447, 16013, 9
2026/09/06 13:07:48.447, 16013, 8
2026/09/06 13:07:49.448, 16013, 9
2026/09/06 13:07:50.448, 16013, 9
2026/09/06 13:07:51.448, 16013, 9
2026/09/06 13:07:52.448, 16013, 8
2026/09/06 13:07:53.449, 16013, 9
2026/09/06 13:07:54.449, 16013, 9
2026/09/06 13:07:55.449, 16013, 9
2026/09/06 13:07:56.449, 16013, 8
2026/09/06 13:07:57.450, 16013, 9
2026/09/06 13:07:58.450, 16013, 8
2026/09/06 13:07:59.450, 16013, 8
2026/09/06 13:08:00.450, 16013, 9
2026/09/06 13:08:01.451, 16013, 7
2026/09/06 13:08:02.451, 16013, 10
2026/09/06 13:08:03.451, 16013, 9
2026/09/06 13:08:04.451, 16013, 8
2026/09/06 13:08:05.452, 16013, 9
2026/09/06 13:08:06.452, 16013, 9
2026/09/06 13:08:07.452, 16013, 8
2026/09/06 13:08:08.452, 16013, 9
2026/09/06 13:08:09.452, 16013, 8
2026/09/06 13:08:10.453, 16013, 9
2026/09/06 13:08:11.453, 16013, 8
2026/09/06 13:08:12.453, 16013, 6
2026/09/06 13:08:13.453, 16013, 6
2026/09/06 13:08:14.454, 16013, 8
2026/09/06 13:08:15.454, 16013, 9
2026/09/06 13:08:16.454, 16013, 7
2026/09/06 13:08:17.454, 16013, 9
2026/09/06 13:08:18.455, 16013, 8
2026/09/06 13:08:19.455, 16013, 7
2026/09/06 13:08:20.455, 16013, 7
2026/09/06 13:08:21.455, 16013, 8
2026/09/06 13:08:22.456, 16013, 9
2026/09/06 13:08:23.456, 16013, 8
2026/09/06 13:08:24.456, 16013, 9
2026/09/06 13:08:25.456, 16013, 8
2026/09/06 13:08:26.456, 16013, 9
2026/09/06 13:08:27.457, 16013, 24
2026/09/06 13:08:28.457, 16013, 24
2026/09/06 13:08:29.457, 16013, 24
2026/09/06 13:08:30.457, 16013, 20
2026/09/06 13:08:31.458, 16013, 17
2026/09/06 13:08:32.458, 16013, 20
2026/09/06 13:08:33.458, 16013, 21
2026/09/06 13:08:34.458, 16013, 19
2026/09/06 13:08:35.459, 16013, 19
2026/09/06 13:08:36.459, 16013, 18
2026/09/06 13:08:37.459, 16013, 24
2026/09/06 13:08:38.459, 16013, 24
2026/09/06 13:08:39.460, 16013, 23
2026/09/06 13:08:40.460, 16013, 19
2026/09/06 13:08:41.460, 16013, 20
2026/09/06 13:08:42.460, 16013, 21
2026/09/06 13:08:43.461, 16013, 19
2026/09/06 13:08:44.461, 16013, 20
2026/09/06 13:08:45.461, 16013, 20
2026/09/06 13:08:46.461, 16013, 21
2026/09/06 13:08:47.462, 16013, 23
2026/09/06 13:08:48.462, 16013, 25
2026/09/06 13:08:49.462, 16013, 25
2026/09/06 13:08:50.463, 16013, 21
2026/09/06 13:08:51.463, 16013, 25
2026/09/06 13:08:52.463, 16013, 20
2026/09/06 13:08:53.463, 16013, 25
2026/09/06 13:08:54.464, 16013, 26
2026/09/06 13:08:55.464, 16013, 25
2026/09/06 13:08:56.464, 16013, 26
2026/09/06 13:08:57.464, 16013, 25
2026/09/06 13:08:58.464, 16013, 25
2026/09/06 13:08:59.465, 16013, 26
2026/09/06 13:09:00.465, 16013, 25
2026/09/06 13:09:01.465, 16013, 8
2026/09/06 13:09:02.465, 16013, 10
2026/09/06 13:09:03.466, 16013, 9
2026/09/06 13:09:04.466, 16013, 9
2026/09/06 13:09:05.466, 16013, 9
2026/09/06 13:09:06.466, 16013, 9
2026/09/06 13:09:07.467, 16013, 8
2026/09/06 13:09:08.467, 16013, 10
2026/09/06 13:09:09.467, 16013, 9
2026/09/06 13:09:10.467, 16013, 9
2026/09/06 13:09:11.468, 16013, 9
2026/09/06 13:09:12.468, 16013, 10
2026/09/06 13:09:13.468, 16013, 9
2026/09/06 13:09:14.469, 16013, 9
2026/09/06 13:09:15.469, 16013, 9
2026/09/06 13:09:16.469, 16013, 9
2026/09/06 13:09:17.469, 16013, 8
2026/09/06 13:09:18.469, 16013, 9
2026/09/06 13:09:19.470, 13133, 8
2026/09/06 13:09:20.470, 1173, 0
2026/09/06 13:09:21.470, 1157, 0
2026/09/06 13:09:22.471, 3727, 0
2026/09/06 13:09:23.471, 4587, 73
2026/09/06 13:09:24.471, 4991, 48
2026/09/06 13:09:25.471, 4991, 0
2026/09/06 13:09:26.472, 4991, 0
2026/09/06 13:09:27.472, 4991, 0
2026/09/06 13:09:28.472, 1157, 0
2026/09/06 13:09:29.472, 1157, 0
2026/09/06 13:09:30.473, 1157, 0
2026/09/06 13:09:31.473, 1157, 0
2026/09/06 13:09:32.473, 9013, 23
2026/09/06 13:09:33.473, 16019, 0
2026/09/06 13:09:34.474, 16021, 8
2026/09/06 13:09:35.474, 16021, 8
2026/09/06 13:09:36.474, 16021, 6
2026/09/06 13:09:37.475, 16021, 8
2026/09/06 13:09:38.475, 16021, 8
2026/09/06 13:09:39.475, 16021, 8
2026/09/06 13:09:40.476, 16021, 8
2026/09/06 13:09:41.476, 16021, 8
2026/09/06 13:09:42.476, 16021, 8
2026/09/06 13:09:43.477, 16021, 8
2026/09/06 13:09:44.477, 16021, 8
2026/09/06 13:09:45.477, 16021, 9
2026/09/06 13:09:46.477, 16021, 9
2026/09/06 13:09:47.478, 16021, 8
2026/09/06 13:09:48.478, 16021, 8
2026/09/06 13:09:49.478, 16021, 8
2026/09/06 13:09:50.478, 16021, 8
2026/09/06 13:09:51.479, 16021, 9
2026/09/06 13:09:52.479, 16021, 8
2026/09/06 13:09:53.479, 16021, 8
2026/09/06 13:09:54.479, 16021, 8
2026/09/06 13:09:55.480, 16021, 25
2026/09/06 13:09:56.480, 16021, 24
2026/09/06 13:09:57.480, 16021, 25
2026/09/06 13:09:58.480, 16021, 25
2026/09/06 13:09:59.481, 16021, 21
2026/09/06 13:10:00.481, 16021, 25
2026/09/06 13:10:01.481, 16021, 25
2026/09/06 13:10:02.481, 16021, 24
2026/09/06 13:10:03.482, 16021, 25
2026/09/06 13:10:04.482, 16021, 25
2026/09/06 13:10:05.482, 16021, 26
2026/09/06 13:10:06.483, 16021, 25
2026/09/06 13:10:07.483, 16021, 25
2026/09/06 13:10:08.483, 16021, 25
2026/09/06 13:10:09.483, 16021, 25
2026/09/06 13:10:10.484, 16021, 25
2026/09/06 13:10:11.484, 16021, 25
2026/09/06 13:10:12.484, 16021, 25
2026/09/06 13:10:13.484, 16021, 24
2026/09/06 13:10:14.485, 16021, 25
2026/09/06 13:10:15.485, 16021, 23
2026/09/06 13:10:16.485, 16021, 24
2026/09/06 13:10:17.486, 1181, 25
2026/09/06 13:10:18.486, 3749, 0
2026/09/06 13:10:19.486, 4449, 58
2026/09/06 13:10:20.486, 4471, 76
2026/09/06 13:10:21.487, 4531, 70
2026/09/06 13:10:22.487, 4531, 0
2026/09/06 13:10:23.487, 4531, 0
2026/09/06 13:10:24.487, 4489, 0
2026/09/06 13:10:25.488, 4489, 0
2026/09/06 13:10:26.488, 4, 0
2026/09/06 13:10:28.783, 1, 0
2026/09/06 13:10:29.784, 1, 0
2026/09/06 13:10:30.784, 1, 0
2026/09/06 13:10:31.784, 1, 0
2026/09/06 13:10:32.784, 1, 0
2026/09/06 13:10:33.785, 1, 0
2026/09/06 13:10:34.785, 1, 0
2026/09/06 13:10:35.785, 1, 0
2026/09/06 13:10:36.785, 1, 0
2026/09/06 13:10:37.786, 1, 0
2026/09/06 13:10:38.786, 1, 0
2026/09/06 13:10:39.786, 1, 0
2026/09/06 13:10:40.786, 4, 0
2026/09/06 13:10:41.787, 4, 0
2026/09/06 13:10:42.787, 4, 0
2026/09/06 13:10:43.787, 4, 0
2026/09/06 13:10:44.788, 4, 0
2026/09/06 13:10:45.788, 4, 0
2026/09/06 13:10:46.788, 4, 0
2026/09/06 13:10:47.788, 4, 0
2026/09/06 13:10:48.788, 4, 0
2026/09/06 13:10:49.789, 4, 0
2026/09/06 13:10:50.789, 4, 0
2026/09/06 13:10:51.789, 4, 0
2026/09/06 13:10:52.790, 4, 0
2026/09/06 13:10:53.790, 4, 0
2026/09/06 13:10:54.790, 4, 0
2026/09/06 13:10:55.790, 4, 0
2026/09/06 13:10:56.791, 4, 0
2026/09/06 13:10:57.791, 4, 0
2026/09/06 13:10:58.791, 4, 0
2026/09/06 13:10:59.791, 4, 0
2026/09/06 13:11:00.792, 4, 0
2026/09/06 13:11:01.792, 4, 0
2026/09/06 13:11:02.792, 4, 0
2026/09/06 13:11:03.792, 4, 0
2026/09/06 13:11:04.793, 4, 0
2026/09/06 13:11:05.793, 4, 0
2026/09/06 13:11:06.793, 4, 0
2026/09/06 13:11:07.793, 4, 0
2026/09/06 13:11:08.793, 4, 0
2026/09/06 13:11:09.794, 4, 0
2026/09/06 13:11:10.794, 4, 0
2026/09/06 13:11:11.794, 4, 0
2026/09/06 13:11:12.794, 4, 0
2026/09/06 13:11:13.795, 4, 0
2026/09/06 13:11:14.795, 4, 0
2026/09/06 13:11:15.795, 4, 0
2026/09/06 13:11:16.795, 4, 0
2026/09/06 13:11:17.796, 4, 0
2026/09/06 13:11:18.796, 4, 0
2026/09/06 13:11:19.796, 4, 0
2026/09/06 13:11:20.796, 4, 0
2026/09/06 13:11:21.797, 4, 0
2026/09/06 13:11:22.797, 4, 0
2026/09/06 13:11:23.797, 4, 0
2026/09/06 13:11:24.798, 4, 0
2026/09/06 13:11:25.798, 4, 0
2026/09/06 13:11:26.798, 4, 0
2026/09/06 13:11:27.798, 4, 0
2026/09/06 13:11:28.799, 4, 0
2026/09/06 13:11:29.799, 4, 0
2026/09/06 13:11:30.799, 4, 0
2026/09/06 13:11:31.799, 395, 0
2026/09/06 13:11:32.800, 395, 0
2026/09/06 13:11:33.800, 395, 0
2026/09/06 13:11:34.800, 733, 3
2026/09/06 13:11:35.800, 735, 3
2026/09/06 13:11:36.801, 737, 4
2026/09/06 13:11:37.801, 739, 5
2026/09/06 13:11:38.801, 739, 2
2026/09/06 13:11:39.801, 741, 2
2026/09/06 13:11:40.802, 741, 10
2026/09/06 13:11:41.802, 743, 3
2026/09/06 13:11:42.802, 743, 2
2026/09/06 13:11:43.802, 745, 8
2026/09/06 13:11:44.802, 745, 2
2026/09/06 13:11:45.803, 747, 2
2026/09/06 13:11:46.803, 747, 2
2026/09/06 13:11:47.803, 747, 1
2026/09/06 13:11:48.804, 749, 7
2026/09/06 13:11:49.804, 751, 7
2026/09/06 13:11:50.804, 751, 1
2026/09/06 13:11:51.804, 753, 2
2026/09/06 13:11:52.805, 2237, 4
2026/09/06 13:11:53.805, 2239, 0
2026/09/06 13:11:54.805, 2239, 0
2026/09/06 13:11:55.805, 2239, 4
2026/09/06 13:11:56.805, 2239, 3
2026/09/06 13:11:57.806, 2239, 3
2026/09/06 13:11:58.806, 2239, 2
2026/09/06 13:11:59.806, 2239, 12
2026/09/06 13:12:00.806, 2239, 3
2026/09/06 13:12:01.807, 2239, 3
2026/09/06 13:12:02.807, 2239, 2
2026/09/06 13:12:03.807, 2239, 11
2026/09/06 13:12:04.807, 2239, 12
2026/09/06 13:12:05.808, 2239, 2
2026/09/06 13:12:06.808, 2239, 4
2026/09/06 13:12:07.808, 2241, 0
2026/09/06 13:12:08.809, 2241, 15
2026/09/06 13:12:09.809, 2821, 0
2026/09/06 13:12:10.809, 2821, 13
2026/09/06 13:12:11.809, 2821, 11
2026/09/06 13:12:12.810, 2821, 12
2026/09/06 13:12:13.810, 2821, 13
2026/09/06 13:12:14.810, 2821, 13
2026/09/06 13:12:15.810, 2821, 0
2026/09/06 13:12:16.811, 2821, 0
2026/09/06 13:12:17.811, 2821, 0
2026/09/06 13:12:18.811, 2821, 0
2026/09/06 13:12:19.812, 2821, 0
2026/09/06 13:12:20.812, 2821, 0
2026/09/06 13:12:21.812, 2821, 0
2026/09/06 13:12:22.812, 2821, 0
2026/09/06 13:12:23.813, 2821, 0
2026/09/06 13:12:24.813, 2821, 0
2026/09/06 13:12:25.813, 2821, 0
2026/09/06 13:12:26.813, 2821, 0
2026/09/06 13:12:27.814, 2821, 0
2026/09/06 13:12:28.814, 2821, 0
2026/09/06 13:12:29.814, 2821, 0
2026/09/06 13:12:30.814, 2821, 0
2026/09/06 13:12:31.815, 2821, 0
2026/09/06 13:12:32.815, 2821, 0
2026/09/06 13:12:33.815, 2821, 0
2026/09/06 13:12:34.816, 2821, 0
2026/09/06 13:12:35.816, 2821, 0
2026/09/06 13:12:36.816, 2821, 0
2026/09/06 13:12:37.816, 2821, 0
2026/09/06 13:12:38.817, 2821, 0
2026/09/06 13:12:39.817, 2821, 0
2026/09/06 13:12:40.817, 2821, 0
2026/09/06 13:12:41.817, 2821, 0
2026/09/06 13:12:42.818, 2821, 0
2026/09/06 13:12:43.818, 2821, 0
2026/09/06 13:12:44.818, 2821, 0
2026/09/06 13:12:45.818, 2821, 0
2026/09/06 13:12:46.819, 2821, 0
2026/09/06 13:12:47.819, 2821, 0
2026/09/06 13:12:48.819, 2821, 0
2026/09/06 13:12:49.819, 2821, 0
2026/09/06 13:12:50.820, 2821, 0
2026/09/06 13:12:51.820, 2821, 0
2026/09/06 13:12:52.820, 2821, 0
2026/09/06 13:12:53.820, 2821, 0
2026/09/06 13:12:54.821, 2821, 0
2026/09/06 13:12:55.821, 2821, 0
2026/09/06 13:12:56.821, 2821, 0
2026/09/06 13:12:57.821, 2821, 0
2026/09/06 13:12:58.822, 2821, 0
2026/09/06 13:12:59.822, 2821, 0
2026/09/06 13:13:00.822, 2821, 0
2026/09/06 13:13:01.822, 2821, 0
2026/09/06 13:13:02.823, 2821, 0
2026/09/06 13:13:03.823, 2821, 0
2026/09/06 13:13:04.823, 2821, 0
2026/09/06 13:13:05.823, 2821, 0
2026/09/06 13:13:06.824, 2821, 0
2026/09/06 13:13:07.824, 2821, 0
2026/09/06 13:13:08.824, 2821, 0
2026/09/06 13:13:09.824, 2821, 0
2026/09/06 13:13:10.825, 2821, 0
2026/09/06 13:13:11.825, 2821, 0
2026/09/06 13:13:12.825, 2821, 0
2026/09/06 13:13:13.825, 2821, 0
2026/09/06 13:13:14.826, 2821, 0
2026/09/06 13:13:15.826, 2821, 0
2026/09/06 13:13:16.826, 2821, 0
2026/09/06 13:13:17.826, 2821, 0
2026/09/06 13:13:18.827, 2821, 0
2026/09/06 13:13:19.827, 2821, 0
2026/09/06 13:13:20.827, 2821, 0
2026/09/06 13:13:21.827, 1073, 0
2026/09/06 13:13:22.828, 8803, 0
2026/09/06 13:13:23.828, 8803, 11
2026/09/06 13:13:24.828, 8803, 0
2026/09/06 13:13:25.828, 8803, 12
2026/09/06 13:13:26.829, 8929, 0
2026/09/06 13:13:27.829, 8929, 0
2026/09/06 13:13:28.829, 8929, 0
2026/09/06 13:13:29.829, 9009, 1
2026/09/06 13:13:30.830, 14811, 30
2026/09/06 13:13:31.830, 8965, 0
2026/09/06 13:13:32.830, 21683, 0
2026/09/06 13:13:33.831, 20867, 0
2026/09/06 13:13:34.831, 18951, 12
2026/09/06 13:13:35.831, 17115, 12
2026/09/06 13:13:36.831, 15373, 12
2026/09/06 13:13:37.832, 6861, 11
2026/09/06 13:13:38.832, 1127, 0
2026/09/06 13:13:39.832, 1127, 0
2026/09/06 13:13:40.832, 8983, 62
2026/09/06 13:13:41.833, 15967, 0
2026/09/06 13:13:42.833, 15967, 0
2026/09/06 13:13:43.833, 15967, 0
2026/09/06 13:13:44.833, 15967, 0
2026/09/06 13:13:45.834, 15967, 0
2026/09/06 13:13:46.834, 15967, 0
2026/09/06 13:13:47.834, 15967, 0
2026/09/06 13:13:48.834, 15967, 0
2026/09/06 13:13:49.835, 15991, 24
2026/09/06 13:13:50.835, 15991, 25
2026/09/06 13:13:51.835, 15991, 25
2026/09/06 13:13:52.836, 15991, 25
2026/09/06 13:13:53.836, 15991, 21
2026/09/06 13:13:54.836, 15991, 25
2026/09/06 13:13:55.836, 15991, 25
2026/09/06 13:13:56.837, 15991, 21
2026/09/06 13:13:57.837, 15991, 25
2026/09/06 13:13:58.837, 15991, 25
2026/09/06 13:13:59.837, 15991, 25
2026/09/06 13:14:00.838, 15991, 24
2026/09/06 13:14:01.838, 15991, 25
2026/09/06 13:14:02.838, 15991, 17
2026/09/06 13:14:03.838, 15991, 21
2026/09/06 13:14:04.839, 15991, 21
2026/09/06 13:14:05.839, 15991, 26
2026/09/06 13:14:06.839, 15991, 25
2026/09/06 13:14:07.839, 15991, 26
2026/09/06 13:14:08.839, 15991, 26
2026/09/06 13:14:09.840, 15991, 26
2026/09/06 13:14:10.840, 15991, 26
2026/09/06 13:14:11.840, 15991, 26
2026/09/06 13:14:12.840, 15991, 25
2026/09/06 13:14:13.841, 15991, 26
2026/09/06 13:14:14.841, 15991, 26
2026/09/06 13:14:15.841, 15991, 25
2026/09/06 13:14:16.841, 15991, 25
2026/09/06 13:14:17.842, 15991, 25
2026/09/06 13:14:18.842, 15991, 24
2026/09/06 13:14:19.842, 15991, 25
2026/09/06 13:14:20.843, 15991, 26
2026/09/06 13:14:21.843, 15991, 25
2026/09/06 13:14:22.843, 15991, 26
2026/09/06 13:14:23.843, 15991, 26
2026/09/06 13:14:24.844, 15991, 26
2026/09/06 13:14:25.844, 15991, 26
2026/09/06 13:14:26.844, 15991, 26
2026/09/06 13:14:27.845, 15991, 26
2026/09/06 13:14:28.845, 15991, 27
2026/09/06 13:14:29.845, 15991, 26
2026/09/06 13:14:30.845, 15991, 26
2026/09/06 13:14:31.846, 15991, 27
2026/09/06 13:14:32.846, 15991, 27
2026/09/06 13:14:33.846, 15991, 26
2026/09/06 13:14:34.846, 15991, 24
2026/09/06 13:14:35.847, 15991, 22
2026/09/06 13:14:36.847, 15991, 22
2026/09/06 13:14:37.847, 15991, 26
2026/09/06 13:14:38.848, 15991, 27
2026/09/06 13:14:39.848, 15991, 26
2026/09/06 13:14:40.848, 15991, 26
2026/09/06 13:14:41.848, 15991, 26
2026/09/06 13:14:42.849, 15991, 25
2026/09/06 13:14:43.849, 15991, 26
2026/09/06 13:14:44.849, 15991, 27
2026/09/06 13:14:45.849, 15991, 26
2026/09/06 13:14:46.850, 15991, 26
2026/09/06 13:14:47.850, 15991, 26
2026/09/06 13:14:48.850, 15991, 26
2026/09/06 13:14:49.850, 15991, 26
2026/09/06 13:14:50.851, 15991, 26
2026/09/06 13:14:51.851, 15991, 27
2026/09/06 13:14:52.851, 15991, 26
2026/09/06 13:14:53.852, 15991, 26
2026/09/06 13:14:54.852, 15991, 25
2026/09/06 13:14:55.852, 15991, 27
2026/09/06 13:14:56.852, 15991, 26
2026/09/06 13:14:57.853, 15991, 26
2026/09/06 13:14:58.853, 15991, 27
2026/09/06 13:14:59.853, 15991, 27
2026/09/06 13:15:00.853, 15991, 26
2026/09/06 13:15:01.853, 15991, 26
2026/09/06 13:15:02.854, 15991, 26
2026/09/06 13:15:03.854, 15991, 25
2026/09/06 13:15:04.854, 15991, 27
2026/09/06 13:15:05.854, 15991, 25
2026/09/06 13:15:06.855, 15991, 26
2026/09/06 13:15:07.855, 15991, 25
2026/09/06 13:15:08.855, 15991, 25
2026/09/06 13:15:09.856, 15991, 21
2026/09/06 13:15:10.856, 15991, 21
2026/09/06 13:15:11.856, 15991, 20
2026/09/06 13:15:12.856, 15991, 26
2026/09/06 13:15:13.857, 15991, 24
2026/09/06 13:15:14.857, 15991, 25
2026/09/06 13:15:15.857, 15991, 26
2026/09/06 13:15:16.857, 15991, 20
2026/09/06 13:15:17.858, 15991, 19
2026/09/06 13:15:18.858, 15991, 26
2026/09/06 13:15:19.858, 15991, 21
2026/09/06 13:15:20.858, 15991, 20
2026/09/06 13:15:21.859, 15991, 26
2026/09/06 13:15:22.859, 15991, 25
2026/09/06 13:15:23.859, 15991, 26
2026/09/06 13:15:24.859, 15991, 25
2026/09/06 13:15:25.860, 15991, 26
2026/09/06 13:15:26.860, 15991, 25
2026/09/06 13:15:27.860, 15991, 24
2026/09/06 13:15:28.860, 15991, 26
2026/09/06 13:15:29.861, 15991, 26
2026/09/06 13:15:30.861, 15991, 25
2026/09/06 13:15:31.861, 15991, 25
2026/09/06 13:15:32.861, 15991, 26
2026/09/06 13:15:33.862, 15991, 25
2026/09/06 13:15:34.862, 15991, 25
2026/09/06 13:15:35.862, 15991, 25
2026/09/06 13:15:36.862, 15991, 25
2026/09/06 13:15:37.863, 15991, 25
2026/09/06 13:15:38.863, 15991, 26
2026/09/06 13:15:39.863, 15991, 26
2026/09/06 13:15:40.864, 15991, 27
2026/09/06 13:15:41.864, 15991, 26
2026/09/06 13:15:42.864, 15991, 26
2026/09/06 13:15:43.864, 15991, 25
2026/09/06 13:15:44.865, 15991, 24
2026/09/06 13:15:45.865, 15991, 27
2026/09/06 13:15:46.865, 15991, 27
2026/09/06 13:15:47.865, 15991, 27
2026/09/06 13:15:48.866, 15991, 27
2026/09/06 13:15:49.866, 15991, 27
2026/09/06 13:15:50.866, 15991, 27
2026/09/06 13:15:51.866, 15991, 27
2026/09/06 13:15:52.867, 15991, 27
2026/09/06 13:15:53.867, 15991, 26
2026/09/06 13:15:54.867, 15991, 27
2026/09/06 13:15:55.867, 15991, 27
2026/09/06 13:15:56.868, 15991, 26
2026/09/06 13:15:57.868, 15991, 22
2026/09/06 13:15:58.868, 15991, 21
2026/09/06 13:15:59.868, 15991, 25
2026/09/06 13:16:00.869, 15991, 27
2026/09/06 13:16:01.869, 15991, 27
2026/09/06 13:16:02.869, 15991, 25
2026/09/06 13:16:03.869, 15991, 27
2026/09/06 13:16:04.870, 15991, 27
2026/09/06 13:16:05.870, 15991, 26
2026/09/06 13:16:06.870, 15991, 25
2026/09/06 13:16:07.871, 15991, 27
2026/09/06 13:16:08.871, 15991, 27
2026/09/06 13:16:09.871, 15991, 26
2026/09/06 13:16:10.871, 15991, 26
2026/09/06 13:16:11.872, 15991, 27
2026/09/06 13:16:12.872, 15991, 26
2026/09/06 13:16:13.872, 15991, 27
2026/09/06 13:16:14.872, 9375, 0
2026/09/06 13:16:15.873, 1127, 0
2026/09/06 13:16:16.873, 3841, 96
2026/09/06 13:16:17.873, 4201, 97
2026/09/06 13:16:18.873, 4429, 32
2026/09/06 13:16:19.874, 4451, 58
2026/09/06 13:16:20.874, 4491, 70
2026/09/06 13:16:21.874, 4491, 0
2026/09/06 13:16:22.874, 4991, 97
2026/09/06 13:16:23.875, 4991, 94
2026/09/06 13:16:24.875, 5051, 97
2026/09/06 13:16:25.875, 5051, 0
2026/09/06 13:16:26.876, 5051, 82
2026/09/06 13:16:27.876, 5051, 93
2026/09/06 13:16:28.876, 5051, 0
2026/09/06 13:16:29.876, 1157, 0
2026/09/06 13:16:30.877, 8723, 0
2026/09/06 13:16:31.877, 16041, 27
2026/09/06 13:16:32.877, 16041, 24
2026/09/06 13:16:33.877, 16041, 24
2026/09/06 13:16:34.878, 16041, 24
2026/09/06 13:16:35.878, 16041, 24
2026/09/06 13:16:36.878, 16041, 25
2026/09/06 13:16:37.878, 16041, 25
2026/09/06 13:16:38.879, 16041, 25
2026/09/06 13:16:39.879, 16041, 24
2026/09/06 13:16:40.879, 16041, 25
2026/09/06 13:16:41.879, 16041, 24
2026/09/06 13:16:42.880, 16041, 26
2026/09/06 13:16:43.880, 16041, 25
2026/09/06 13:16:44.880, 16041, 26
2026/09/06 13:16:45.880, 16041, 26
2026/09/06 13:16:46.881, 16041, 26
2026/09/06 13:16:47.881, 16041, 27
2026/09/06 13:16:48.881, 16041, 25
2026/09/06 13:16:49.882, 16041, 26
2026/09/06 13:16:50.882, 16041, 25
2026/09/06 13:16:51.882, 16041, 21
2026/09/06 13:16:52.882, 16041, 25
2026/09/06 13:16:53.883, 16041, 26
2026/09/06 13:16:54.883, 16041, 22
2026/09/06 13:16:55.883, 16041, 26
2026/09/06 13:16:56.883, 16041, 25
2026/09/06 13:16:57.884, 16041, 21
2026/09/06 13:16:58.884, 16041, 20
2026/09/06 13:16:59.884, 16041, 19
2026/09/06 13:17:00.885, 16041, 25
2026/09/06 13:17:01.885, 1201, 66
2026/09/06 13:17:02.885, 3709, 0
2026/09/06 13:17:03.885, 3889, 96
2026/09/06 13:17:04.886, 3929, 96
2026/09/06 13:17:05.886, 4471, 82
2026/09/06 13:17:06.886, 4511, 79
2026/09/06 13:17:07.886, 4511, 0
2026/09/06 13:17:08.887, 4511, 85
2026/09/06 13:17:09.887, 4511, 77
2026/09/06 13:17:10.887, 4511, 93
2026/09/06 13:17:11.887, 4511, 86
2026/09/06 13:17:12.888, 4511, 73
2026/09/06 13:17:13.888, 4531, 96
2026/09/06 13:17:14.888, 4531, 88
2026/09/06 13:17:15.888, 4531, 0
2026/09/06 13:17:16.888, 1157, 0
2026/09/06 13:17:17.889, 1157, 0
2026/09/06 13:17:18.889, 16021, 0
2026/09/06 13:17:19.889, 16021, 24
2026/09/06 13:17:20.890, 16021, 23
2026/09/06 13:17:21.890, 16021, 24
2026/09/06 13:17:22.890, 16021, 25
2026/09/06 13:17:23.890, 16021, 25
2026/09/06 13:17:24.891, 16021, 24
2026/09/06 13:17:25.891, 16021, 25
2026/09/06 13:17:26.891, 16021, 19
2026/09/06 13:17:27.891, 16021, 20
2026/09/06 13:17:28.892, 16021, 24
2026/09/06 13:17:29.892, 16021, 25
2026/09/06 13:17:30.892, 16021, 20
2026/09/06 13:17:31.893, 16021, 20
2026/09/06 13:17:32.893, 16021, 25
2026/09/06 13:17:33.893, 16021, 25
2026/09/06 13:17:34.893, 16021, 25
2026/09/06 13:17:35.894, 16021, 25
2026/09/06 13:17:36.894, 16021, 23
2026/09/06 13:17:37.894, 16021, 25
2026/09/06 13:17:38.894, 16021, 25
2026/09/06 13:17:39.895, 16021, 25
2026/09/06 13:17:40.895, 16021, 25
2026/09/06 13:17:41.895, 16021, 25
2026/09/06 13:17:42.896, 16021, 24
2026/09/06 13:17:43.896, 16021, 25
2026/09/06 13:17:44.896, 16021, 24
2026/09/06 13:17:45.896, 16021, 25
2026/09/06 13:17:46.897, 16021, 24
2026/09/06 13:17:47.897, 16021, 24
2026/09/06 13:17:48.897, 16021, 25
2026/09/06 13:17:49.897, 16021, 24
2026/09/06 13:17:50.898, 16021, 20
2026/09/06 13:17:51.898, 16021, 20
2026/09/06 13:17:52.898, 16021, 20
2026/09/06 13:17:53.898, 16021, 21
2026/09/06 13:17:54.899, 16021, 24
2026/09/06 13:17:55.899, 16021, 21
2026/09/06 13:17:56.899, 16021, 21
2026/09/06 13:17:57.899, 16021, 20
2026/09/06 13:17:58.900, 16021, 25
2026/09/06 13:17:59.900, 1157, 0
2026/09/06 13:18:00.900, 3749, 94
2026/09/06 13:18:01.901, 3949, 96
2026/09/06 13:18:02.901, 4451, 88
2026/09/06 13:18:03.901, 4491, 95
2026/09/06 13:18:04.901, 4491, 68
2026/09/06 13:18:05.902, 4491, 91
2026/09/06 13:18:06.902, 4491, 93
2026/09/06 13:18:07.902, 4491, 76
2026/09/06 13:18:08.902, 4511, 94
2026/09/06 13:18:09.903, 4551, 95
2026/09/06 13:18:10.903, 4551, 0
2026/09/06 13:18:11.903, 4551, 86
2026/09/06 13:18:12.903, 4551, 79
2026/09/06 13:18:13.903, 4551, 0
2026/09/06 13:18:14.904, 1157, 0
2026/09/06 13:18:15.904, 9013, 97
2026/09/06 13:18:16.904, 16021, 35
2026/09/06 13:18:17.905, 16021, 25
2026/09/06 13:18:18.905, 16021, 25
2026/09/06 13:18:19.905, 16021, 23
2026/09/06 13:18:20.905, 16021, 24
2026/09/06 13:18:21.906, 16021, 24
2026/09/06 13:18:22.906, 16021, 25
2026/09/06 13:18:23.906, 16021, 25
2026/09/06 13:18:24.906, 16021, 25
2026/09/06 13:18:25.907, 16021, 25
2026/09/06 13:18:26.907, 16021, 25
2026/09/06 13:18:27.907, 16021, 26
2026/09/06 13:18:28.907, 16021, 26
2026/09/06 13:18:29.908, 16021, 26
2026/09/06 13:18:30.908, 16021, 26
2026/09/06 13:18:31.908, 16021, 26
2026/09/06 13:18:32.908, 16021, 26
2026/09/06 13:18:33.909, 16021, 26
2026/09/06 13:18:34.909, 16021, 26
2026/09/06 13:18:35.909, 16021, 25
2026/09/06 13:18:36.909, 16021, 20
2026/09/06 13:18:37.910, 16021, 25
2026/09/06 13:18:38.910, 16021, 24
2026/09/06 13:18:39.910, 16021, 25
2026/09/06 13:18:40.911, 16021, 26
2026/09/06 13:18:41.911, 16021, 25
2026/09/06 13:18:42.911, 16021, 21
2026/09/06 13:18:43.911, 16021, 21
2026/09/06 13:18:44.912, 16021, 21
2026/09/06 13:18:45.912, 16021, 26
2026/09/06 13:18:46.912, 16021, 26
2026/09/06 13:18:47.912, 16021, 26
2026/09/06 13:18:48.913, 16021, 25
2026/09/06 13:18:49.913, 16021, 26
2026/09/06 13:18:50.913, 16021, 26
2026/09/06 13:18:51.913, 16021, 25
2026/09/06 13:18:52.914, 16021, 26
2026/09/06 13:18:53.914, 16021, 26
2026/09/06 13:18:54.914, 16021, 25
2026/09/06 13:18:55.914, 16021, 24
2026/09/06 13:18:56.915, 16021, 26
2026/09/06 13:18:57.915, 16021, 26
2026/09/06 13:18:58.915, 16021, 26
2026/09/06 13:18:59.915, 16021, 24
2026/09/06 13:19:00.915, 16021, 22
2026/09/06 13:19:01.916, 16021, 21
2026/09/06 13:19:02.916, 16021, 26
2026/09/06 13:19:03.916, 16021, 27
2026/09/06 13:19:04.916, 16021, 26
2026/09/06 13:19:05.917, 16021, 26
2026/09/06 13:19:06.917, 16021, 26
2026/09/06 13:19:07.917, 16021, 27
2026/09/06 13:19:08.917, 16021, 27
2026/09/06 13:19:09.918, 16021, 26
2026/09/06 13:19:10.918, 16021, 27
2026/09/06 13:19:11.918, 16021, 26
2026/09/06 13:19:12.918, 16021, 26
2026/09/06 13:19:13.919, 16021, 26
2026/09/06 13:19:14.919, 16021, 26
2026/09/06 13:19:15.919, 16021, 26
2026/09/06 13:19:16.919, 16021, 25
2026/09/06 13:19:17.920, 16021, 26
2026/09/06 13:19:18.920, 16021, 26
2026/09/06 13:19:19.920, 16021, 26
2026/09/06 13:19:20.920, 16021, 24
2026/09/06 13:19:21.921, 16021, 25
2026/09/06 13:19:22.921, 16021, 26
2026/09/06 13:19:23.921, 16021, 26
2026/09/06 13:19:24.921, 16021, 26
2026/09/06 13:19:25.922, 16021, 26
2026/09/06 13:19:26.922, 16021, 26
2026/09/06 13:19:27.922, 16021, 26
2026/09/06 13:19:28.923, 16021, 26
2026/09/06 13:19:29.923, 16021, 26
2026/09/06 13:19:30.923, 16021, 26
2026/09/06 13:19:31.923, 16021, 26
2026/09/06 13:19:32.924, 16021, 26
2026/09/06 13:19:33.924, 16021, 26
2026/09/06 13:19:34.924, 16021, 26
2026/09/06 13:19:35.924, 16021, 25
2026/09/06 13:19:36.925, 16021, 25
2026/09/06 13:19:37.925, 16021, 26
2026/09/06 13:19:38.925, 16021, 25
2026/09/06 13:19:39.925, 16021, 27
2026/09/06 13:19:40.926, 16021, 26
2026/09/06 13:19:41.926, 16021, 25
2026/09/06 13:19:42.926, 16021, 26
2026/09/06 13:19:43.927, 16021, 27
2026/09/06 13:19:44.927, 16021, 26
2026/09/06 13:19:45.927, 16021, 25
2026/09/06 13:19:46.927, 16021, 26
2026/09/06 13:19:47.928, 16021, 26
2026/09/06 13:19:48.928, 16021, 21
2026/09/06 13:19:49.928, 16021, 21
2026/09/06 13:19:50.928, 16021, 21
2026/09/06 13:19:51.929, 16021, 26
2026/09/06 13:19:52.929, 16021, 26
2026/09/06 13:19:53.929, 16021, 26
2026/09/06 13:19:54.929, 16021, 27
2026/09/06 13:19:55.930, 16021, 26
2026/09/06 13:19:56.930, 16021, 27
2026/09/06 13:19:57.930, 16021, 27
2026/09/06 13:19:58.931, 16021, 27
2026/09/06 13:19:59.931, 16021, 26
2026/09/06 13:20:00.931, 16021, 27
2026/09/06 13:20:01.931, 16021, 27
2026/09/06 13:20:02.932, 16021, 26
2026/09/06 13:20:03.932, 16021, 27
2026/09/06 13:20:04.932, 16021, 26
2026/09/06 13:20:05.932, 16021, 27
2026/09/06 13:20:06.933, 16021, 28
2026/09/06 13:20:07.933, 16021, 21
2026/09/06 13:20:08.933, 16021, 21
2026/09/06 13:20:09.933, 16021, 21
2026/09/06 13:20:10.934, 16021, 26
2026/09/06 13:20:11.934, 16021, 27
2026/09/06 13:20:12.934, 16021, 25
2026/09/06 13:20:13.934, 16021, 27
2026/09/06 13:20:14.935, 16021, 26
2026/09/06 13:20:15.935, 16021, 27
2026/09/06 13:20:16.935, 16021, 26
2026/09/06 13:20:17.935, 16021, 26
2026/09/06 13:20:18.936, 16021, 26
2026/09/06 13:20:19.936, 16021, 26
2026/09/06 13:20:20.936, 16021, 26
2026/09/06 13:20:21.936, 16021, 27
2026/09/06 13:20:22.937, 16021, 27
2026/09/06 13:20:23.937, 16021, 22
2026/09/06 13:20:24.937, 16021, 23
2026/09/06 13:20:25.937, 16021, 27
2026/09/06 13:20:26.938, 16021, 27
2026/09/06 13:20:27.938, 16021, 27
2026/09/06 13:20:28.938, 16021, 28
2026/09/06 13:20:29.939, 16021, 27
2026/09/06 13:20:30.939, 16021, 28
2026/09/06 13:20:31.939, 16021, 28
2026/09/06 13:20:32.939, 16021, 27
2026/09/06 13:20:33.940, 16021, 28
2026/09/06 13:20:34.940, 16021, 27
2026/09/06 13:20:35.940, 16021, 27
2026/09/06 13:20:36.940, 16021, 26
2026/09/06 13:20:37.941, 16021, 27
2026/09/06 13:20:38.941, 16021, 27
2026/09/06 13:20:39.941, 16021, 26
2026/09/06 13:20:40.941, 16021, 26
2026/09/06 13:20:41.942, 16021, 27
2026/09/06 13:20:42.942, 16021, 27
2026/09/06 13:20:43.942, 16021, 26
2026/09/06 13:20:44.942, 16021, 26
2026/09/06 13:20:45.943, 1181, 36
2026/09/06 13:20:46.943, 3749, 0
2026/09/06 13:20:47.943, 4209, 97
2026/09/06 13:20:48.944, 4471, 68
2026/09/06 13:20:49.944, 4471, 76
2026/09/06 13:20:50.944, 4491, 72
2026/09/06 13:20:51.944, 4551, 96
2026/09/06 13:20:52.945, 4551, 89
2026/09/06 13:20:53.945, 4591, 85
2026/09/06 13:20:54.945, 4991, 97
2026/09/06 13:20:55.945, 4991, 0
2026/09/06 13:20:56.946, 5051, 86
2026/09/06 13:20:57.946, 5051, 0
2026/09/06 13:20:58.946, 1157, 0
2026/09/06 13:20:59.947, 9013, 96
2026/09/06 13:21:00.947, 16021, 24
2026/09/06 13:21:01.947, 16021, 24
2026/09/06 13:21:02.947, 16021, 25
2026/09/06 13:21:03.948, 16021, 26
2026/09/06 13:21:04.948, 16021, 26
2026/09/06 13:21:05.948, 16021, 26
2026/09/06 13:21:06.948, 16021, 26
2026/09/06 13:21:07.949, 16021, 26
2026/09/06 13:21:08.949, 16021, 25
2026/09/06 13:21:09.949, 16021, 26
2026/09/06 13:21:10.950, 16021, 26
2026/09/06 13:21:11.950, 16021, 26
2026/09/06 13:21:12.950, 16021, 26
2026/09/06 13:21:13.950, 16021, 26
2026/09/06 13:21:14.951, 16021, 26
2026/09/06 13:21:15.951, 16021, 24
2026/09/06 13:21:16.951, 16021, 26
2026/09/06 13:21:17.951, 16021, 26
2026/09/06 13:21:18.952, 16021, 25
2026/09/06 13:21:19.952, 16021, 26
2026/09/06 13:21:20.952, 16021, 27
2026/09/06 13:21:21.953, 16021, 25
2026/09/06 13:21:22.953, 16021, 26
2026/09/06 13:21:23.953, 16021, 26
2026/09/06 13:21:24.953, 16021, 26
2026/09/06 13:21:25.954, 16021, 26
2026/09/06 13:21:26.954, 16021, 25
2026/09/06 13:21:27.954, 12897, 26
2026/09/06 13:21:28.954, 1157, 0
2026/09/06 13:21:29.955, 3729, 95
2026/09/06 13:21:30.955, 3869, 96
2026/09/06 13:21:31.955, 4451, 90
2026/09/06 13:21:32.955, 4471, 92
2026/09/06 13:21:33.956, 4471, 0
2026/09/06 13:21:34.956, 4471, 84
2026/09/06 13:21:35.956, 4511, 94
2026/09/06 13:21:36.956, 4511, 0
2026/09/06 13:21:37.956, 4511, 79
2026/09/06 13:21:38.957, 4511, 86
2026/09/06 13:21:39.957, 4511, 0
2026/09/06 13:21:40.957, 4511, 86
2026/09/06 13:21:41.958, 4511, 71
2026/09/06 13:21:42.958, 4511, 0
2026/09/06 13:21:43.958, 4469, 0
2026/09/06 13:21:44.958, 4469, 0
2026/09/06 13:21:45.959, 4, 0
2026/09/06 13:21:48.116, 1, 0
2026/09/06 13:21:49.116, 1, 0
2026/09/06 13:21:50.116, 1, 0
2026/09/06 13:21:51.117, 1, 0
2026/09/06 13:21:52.117, 1, 0
2026/09/06 13:21:53.118, 1, 0
2026/09/06 13:21:54.118, 1, 0
2026/09/06 13:21:55.118, 1, 0
2026/09/06 13:21:56.118, 1, 0
2026/09/06 13:21:57.119, 1, 0
2026/09/06 13:21:58.119, 1, 0
2026/09/06 13:21:59.119, 1, 0
2026/09/06 13:22:00.120, 4, 0
2026/09/06 13:22:01.120, 4, 0
2026/09/06 13:22:02.121, 4, 0
2026/09/06 13:22:03.121, 4, 0
2026/09/06 13:22:04.121, 4, 0
2026/09/06 13:22:05.121, 4, 0
2026/09/06 13:22:06.122, 4, 0
2026/09/06 13:22:07.122, 4, 0
2026/09/06 13:22:08.122, 4, 0
2026/09/06 13:22:09.122, 4, 0
2026/09/06 13:22:10.123, 4, 0
2026/09/06 13:22:11.123, 4, 0
2026/09/06 13:22:12.123, 4, 0
2026/09/06 13:22:13.123, 4, 0
2026/09/06 13:22:14.124, 4, 0
2026/09/06 13:22:15.124, 4, 0
2026/09/06 13:22:16.124, 4, 0
2026/09/06 13:22:17.124, 4, 0
2026/09/06 13:22:18.125, 4, 0
2026/09/06 13:22:19.125, 4, 0
2026/09/06 13:22:20.125, 4, 0
2026/09/06 13:22:21.125, 4, 0
2026/09/06 13:22:22.126, 4, 0
2026/09/06 13:22:23.126, 4, 0
2026/09/06 13:22:24.126, 4, 0
2026/09/06 13:22:25.127, 4, 0
2026/09/06 13:22:26.127, 4, 0
2026/09/06 13:22:27.127, 4, 0
2026/09/06 13:22:28.127, 4, 0
2026/09/06 13:22:29.128, 4, 0
2026/09/06 13:22:30.128, 4, 0
2026/09/06 13:22:31.128, 4, 0
2026/09/06 13:22:32.129, 4, 0
2026/09/06 13:22:33.129, 4, 0
2026/09/06 13:22:34.129, 4, 0
2026/09/06 13:22:35.129, 4, 0
2026/09/06 13:22:36.130, 4, 0
2026/09/06 13:22:37.130, 4, 0
2026/09/06 13:22:38.130, 4, 0
2026/09/06 13:22:39.130, 4, 0
2026/09/06 13:22:40.131, 4, 0
2026/09/06 13:22:41.131, 4, 0
2026/09/06 13:22:42.131, 4, 0
2026/09/06 13:22:43.131, 4, 0
2026/09/06 13:22:44.132, 4, 0
2026/09/06 13:22:45.132, 4, 0
2026/09/06 13:22:46.132, 4, 0
2026/09/06 13:22:47.132, 4, 0
2026/09/06 13:22:48.133, 4, 0
2026/09/06 13:22:49.133, 395, 0
2026/09/06 13:22:50.133, 395, 0
2026/09/06 13:22:51.133, 733, 6
2026/09/06 13:22:52.134, 735, 11
2026/09/06 13:22:53.134, 735, 2
2026/09/06 13:22:54.134, 737, 2
2026/09/06 13:22:55.134, 737, 3
2026/09/06 13:22:56.135, 739, 9
2026/09/06 13:22:57.135, 739, 5
2026/09/06 13:22:58.135, 741, 11
2026/09/06 13:22:59.135, 743, 10
2026/09/06 13:23:00.136, 745, 10
2026/09/06 13:23:01.136, 747, 11
2026/09/06 13:23:02.136, 747, 11
2026/09/06 13:23:03.136, 749, 8
2026/09/06 13:23:04.137, 751, 4
2026/09/06 13:23:05.137, 2237, 8
2026/09/06 13:23:06.137, 2239, 5
2026/09/06 13:23:07.137, 2239, 7
2026/09/06 13:23:08.138, 2239, 7
2026/09/06 13:23:09.138, 2239, 13
2026/09/06 13:23:10.138, 2239, 15
2026/09/06 13:23:11.139, 2239, 15
2026/09/06 13:23:12.139, 2239, 0
2026/09/06 13:23:13.139, 2821, 0
2026/09/06 13:23:14.139, 2821, 13
2026/09/06 13:23:15.140, 2821, 16
2026/09/06 13:23:16.140, 2821, 13
2026/09/06 13:23:17.140, 2821, 14
2026/09/06 13:23:18.141, 2821, 0
2026/09/06 13:23:19.141, 2821, 0
2026/09/06 13:23:20.141, 2821, 0
2026/09/06 13:23:21.141, 2821, 0
2026/09/06 13:23:22.142, 2821, 0
2026/09/06 13:23:23.142, 2821, 0
2026/09/06 13:23:24.142, 2821, 0
2026/09/06 13:23:25.142, 2821, 0
2026/09/06 13:23:26.143, 2821, 0
2026/09/06 13:23:27.143, 2821, 0
2026/09/06 13:23:28.143, 2821, 0
2026/09/06 13:23:29.143, 2821, 0
2026/09/06 13:23:30.144, 2821, 0
2026/09/06 13:23:31.144, 2821, 0
2026/09/06 13:23:32.144, 2821, 0
2026/09/06 13:23:33.145, 2821, 0
2026/09/06 13:23:34.145, 2821, 0
2026/09/06 13:23:35.145, 2821, 0
2026/09/06 13:23:36.145, 2821, 0
2026/09/06 13:23:37.146, 2821, 0
2026/09/06 13:23:38.146, 2821, 0
2026/09/06 13:23:39.146, 2821, 0
2026/09/06 13:23:40.146, 2821, 0
2026/09/06 13:23:41.147, 2821, 0
2026/09/06 13:23:42.147, 2821, 0
2026/09/06 13:23:43.147, 2821, 0
2026/09/06 13:23:44.147, 2821, 0
2026/09/06 13:23:45.148, 2821, 0
2026/09/06 13:23:46.148, 2821, 0
2026/09/06 13:23:47.148, 2821, 0
2026/09/06 13:23:48.148, 2821, 0
2026/09/06 13:23:49.149, 2821, 0
2026/09/06 13:23:50.149, 2821, 0
2026/09/06 13:23:51.149, 2821, 0
2026/09/06 13:23:52.149, 2821, 0
2026/09/06 13:23:53.150, 2821, 0
2026/09/06 13:23:54.150, 2821, 0
2026/09/06 13:23:55.150, 2821, 0
2026/09/06 13:23:56.151, 2821, 0
2026/09/06 13:23:57.151, 2821, 0
2026/09/06 13:23:58.151, 2821, 0
2026/09/06 13:23:59.151, 2821, 0
2026/09/06 13:24:00.152, 2821, 0
2026/09/06 13:24:01.152, 2821, 0
2026/09/06 13:24:02.152, 2821, 0
2026/09/06 13:24:03.152, 2821, 0
2026/09/06 13:24:04.153, 2821, 0
2026/09/06 13:24:05.153, 2821, 0
2026/09/06 13:24:06.153, 2821, 0
2026/09/06 13:24:07.153, 2821, 0
2026/09/06 13:24:08.154, 2821, 0
2026/09/06 13:24:09.154, 2821, 0
2026/09/06 13:24:10.154, 2821, 0
2026/09/06 13:24:11.155, 2821, 0
2026/09/06 13:24:12.155, 2821, 0
2026/09/06 13:24:13.155, 2821, 0
2026/09/06 13:24:14.155, 2821, 0
2026/09/06 13:24:15.156, 2821, 0
2026/09/06 13:24:16.156, 2821, 0
2026/09/06 13:24:17.156, 2821, 0
2026/09/06 13:24:18.156, 2821, 0
2026/09/06 13:24:19.157, 2821, 0
2026/09/06 13:24:20.157, 1073, 0
2026/09/06 13:24:21.157, 8803, 0
2026/09/06 13:24:22.158, 8803, 12
2026/09/06 13:24:23.158, 8803, 12
2026/09/06 13:24:24.158, 8803, 12
2026/09/06 13:24:25.158, 8929, 0
2026/09/06 13:24:26.159, 8929, 0
2026/09/06 13:24:27.159, 8929, 0
2026/09/06 13:24:28.159, 9009, 1
2026/09/06 13:24:29.159, 9167, 0
2026/09/06 13:24:30.160, 14811, 0
2026/09/06 13:24:31.160, 14811, 0
2026/09/06 13:24:32.160, 15949, 0
2026/09/06 13:24:33.160, 21683, 0
2026/09/06 13:24:34.161, 21683, 0
2026/09/06 13:24:35.161, 19919, 3
2026/09/06 13:24:36.161, 18855, 6
2026/09/06 13:24:37.161, 17985, 6
2026/09/06 13:24:38.162, 17211, 6
2026/09/06 13:24:39.162, 16437, 0
2026/09/06 13:24:40.162, 15567, 9
2026/09/06 13:24:41.162, 14695, 1
2026/09/06 13:24:42.163, 6861, 7
2026/09/06 13:24:43.163, 6473, 0
2026/09/06 13:24:44.163, 1127, 0
2026/09/06 13:24:45.164, 1127, 0
2026/09/06 13:24:46.164, 1127, 0
2026/09/06 13:24:47.164, 1127, 0
2026/09/06 13:24:48.164, 8983, 0
2026/09/06 13:24:49.165, 8983, 0
2026/09/06 13:24:50.165, 15989, 0
2026/09/06 13:24:51.165, 15991, 10
2026/09/06 13:24:52.165, 15991, 10
2026/09/06 13:24:53.166, 15991, 10
2026/09/06 13:24:54.166, 15991, 10
2026/09/06 13:24:55.166, 15991, 11
2026/09/06 13:24:56.166, 15991, 10
2026/09/06 13:24:57.167, 15991, 12
2026/09/06 13:24:58.167, 15991, 10
2026/09/06 13:24:59.167, 15991, 25
2026/09/06 13:25:00.167, 15991, 24
2026/09/06 13:25:01.168, 15991, 24
2026/09/06 13:25:02.168, 15991, 25
2026/09/06 13:25:03.168, 15991, 11
2026/09/06 13:25:04.169, 15991, 11
2026/09/06 13:25:05.169, 15991, 11
2026/09/06 13:25:06.169, 15991, 26
2026/09/06 13:25:07.169, 15991, 27
2026/09/06 13:25:08.170, 15991, 27
2026/09/06 13:25:09.170, 15991, 27
2026/09/06 13:25:10.170, 15991, 27
2026/09/06 13:25:11.171, 15991, 27
2026/09/06 13:25:12.171, 15991, 27
2026/09/06 13:25:13.171, 15991, 27
2026/09/06 13:25:14.171, 15991, 27
2026/09/06 13:25:15.172, 15991, 27
2026/09/06 13:25:16.172, 15991, 11
2026/09/06 13:25:17.172, 15991, 11
2026/09/06 13:25:18.172, 15991, 10
2026/09/06 13:25:19.173, 15991, 11
2026/09/06 13:25:20.173, 15991, 22
2026/09/06 13:25:21.173, 15991, 22
2026/09/06 13:25:22.173, 15991, 23
2026/09/06 13:25:23.174, 15991, 28
2026/09/06 13:25:24.174, 15991, 28
2026/09/06 13:25:25.174, 15991, 28
2026/09/06 13:25:26.174, 15991, 27
2026/09/06 13:25:27.175, 15991, 27
2026/09/06 13:25:28.175, 15991, 27
2026/09/06 13:25:29.175, 15991, 27
2026/09/06 13:25:30.176, 15991, 27
2026/09/06 13:25:31.176, 15991, 28
2026/09/06 13:25:32.176, 15991, 27
2026/09/06 13:25:33.176, 15991, 27
2026/09/06 13:25:34.177, 15991, 26
2026/09/06 13:25:35.177, 15991, 26
2026/09/06 13:25:36.177, 15991, 27
2026/09/06 13:25:37.177, 15991, 27
2026/09/06 13:25:38.178, 15991, 26
2026/09/06 13:25:39.178, 15991, 27
2026/09/06 13:25:40.178, 15991, 27
2026/09/06 13:25:41.178, 15991, 26
2026/09/06 13:25:42.179, 15991, 27
2026/09/06 13:25:43.179, 15991, 26
2026/09/06 13:25:44.179, 15991, 27
2026/09/06 13:25:45.180, 15991, 27
2026/09/06 13:25:46.180, 15991, 27
2026/09/06 13:25:47.180, 15991, 27
2026/09/06 13:25:48.180, 15991, 27
2026/09/06 13:25:49.181, 15991, 27
2026/09/06 13:25:50.181, 15991, 21
2026/09/06 13:25:51.181, 15991, 27
2026/09/06 13:25:52.181, 15991, 27
2026/09/06 13:25:53.182, 15991, 11
2026/09/06 13:25:54.182, 15991, 9
2026/09/06 13:25:55.182, 15991, 10
2026/09/06 13:25:56.182, 15991, 10
2026/09/06 13:25:57.183, 15991, 26
2026/09/06 13:25:58.183, 15991, 25
2026/09/06 13:25:59.183, 15991, 27
2026/09/06 13:26:00.184, 15991, 26
2026/09/06 13:26:01.184, 15991, 27
2026/09/06 13:26:02.184, 15991, 27
2026/09/06 13:26:03.184, 15991, 27
2026/09/06 13:26:04.185, 15991, 27
2026/09/06 13:26:05.185, 15991, 26
2026/09/06 13:26:06.185, 15991, 27
2026/09/06 13:26:07.185, 15991, 27
2026/09/06 13:26:08.186, 15991, 27
2026/09/06 13:26:09.186, 15991, 27
2026/09/06 13:26:10.186, 15991, 27
2026/09/06 13:26:11.187, 15991, 27
2026/09/06 13:26:12.187, 15991, 27
2026/09/06 13:26:13.187, 15991, 27
2026/09/06 13:26:14.187, 15991, 27
2026/09/06 13:26:15.188, 15991, 27
2026/09/06 13:26:16.188, 15991, 26
2026/09/06 13:26:17.188, 15991, 27
2026/09/06 13:26:18.188, 15991, 27
2026/09/06 13:26:19.189, 15991, 27
2026/09/06 13:26:20.189, 15991, 26
2026/09/06 13:26:21.189, 15991, 27
2026/09/06 13:26:22.189, 15991, 27
2026/09/06 13:26:23.190, 15991, 27
2026/09/06 13:26:24.190, 15991, 26
2026/09/06 13:26:25.190, 15991, 27
2026/09/06 13:26:26.190, 15991, 27
2026/09/06 13:26:27.191, 15991, 26
2026/09/06 13:26:28.191, 15991, 27
2026/09/06 13:26:29.191, 15991, 27
2026/09/06 13:26:30.192, 15991, 13
2026/09/06 13:26:31.192, 15991, 10
2026/09/06 13:26:32.192, 15991, 10
2026/09/06 13:26:33.192, 15991, 25
2026/09/06 13:26:34.193, 15991, 26
2026/09/06 13:26:35.193, 15991, 27
2026/09/06 13:26:36.193, 15991, 26
2026/09/06 13:26:37.194, 15991, 26
2026/09/06 13:26:38.194, 15991, 27
2026/09/06 13:26:39.194, 15991, 27
2026/09/06 13:26:40.194, 15991, 27
2026/09/06 13:26:41.195, 15991, 26
2026/09/06 13:26:42.195, 15991, 28
2026/09/06 13:26:43.195, 15991, 27
2026/09/06 13:26:44.195, 15991, 26
2026/09/06 13:26:45.196, 15991, 27
2026/09/06 13:26:46.196, 15991, 27
2026/09/06 13:26:47.196, 15991, 27
2026/09/06 13:26:48.196, 15991, 26
2026/09/06 13:26:49.197, 15991, 27
2026/09/06 13:26:50.197, 15991, 26
2026/09/06 13:26:51.197, 15991, 27
2026/09/06 13:26:52.197, 15991, 26
2026/09/06 13:26:53.198, 15991, 26
2026/09/06 13:26:54.198, 15991, 26
2026/09/06 13:26:55.198, 15991, 27
2026/09/06 13:26:56.199, 15991, 27
2026/09/06 13:26:57.199, 15991, 27
2026/09/06 13:26:58.199, 15991, 26
2026/09/06 13:26:59.199, 15991, 23
2026/09/06 13:27:00.200, 15991, 21
2026/09/06 13:27:01.200, 15991, 21
2026/09/06 13:27:02.200, 15991, 22
2026/09/06 13:27:03.200, 15991, 26
2026/09/06 13:27:04.201, 15991, 27
2026/09/06 13:27:05.201, 15991, 27
2026/09/06 13:27:06.201, 15991, 12
2026/09/06 13:27:07.201, 15991, 12
2026/09/06 13:27:08.202, 15991, 14
2026/09/06 13:27:09.202, 15991, 10
2026/09/06 13:27:10.202, 15991, 21
2026/09/06 13:27:11.202, 15991, 22
2026/09/06 13:27:12.203, 15991, 25
2026/09/06 13:27:13.203, 15991, 25
2026/09/06 13:27:14.203, 15991, 22
2026/09/06 13:27:15.203, 15991, 22
2026/09/06 13:27:16.204, 15991, 27
2026/09/06 13:27:17.204, 15991, 27
2026/09/06 13:27:18.204, 15991, 17
2026/09/06 13:27:19.204, 15991, 22
2026/09/06 13:27:20.205, 15991, 26
2026/09/06 13:27:21.205, 15991, 28
2026/09/06 13:27:22.205, 15991, 27
2026/09/06 13:27:23.205, 15991, 28
2026/09/06 13:27:24.205, 15991, 28
2026/09/06 13:27:25.206, 15991, 28
2026/09/06 13:27:26.206, 15991, 28
2026/09/06 13:27:27.206, 15991, 28
2026/09/06 13:27:28.206, 15991, 28
2026/09/06 13:27:29.207, 15991, 27
2026/09/06 13:27:30.207, 15991, 28
2026/09/06 13:27:31.207, 15991, 28
2026/09/06 13:27:32.207, 15991, 27
2026/09/06 13:27:33.207, 15991, 27
2026/09/06 13:27:34.208, 1151, 100
2026/09/06 13:27:35.208, 3701, 34
2026/09/06 13:27:36.208, 3781, 97
2026/09/06 13:27:37.208, 4201, 97
2026/09/06 13:27:38.209, 4201, 96
2026/09/06 13:27:39.209, 4451, 55
2026/09/06 13:27:40.209, 4451, 94
2026/09/06 13:27:41.209, 4511, 72
2026/09/06 13:27:42.209, 4511, 71
2026/09/06 13:27:43.210, 4531, 42
2026/09/06 13:27:44.210, 4531, 19
2026/09/06 13:27:45.210, 4531, 0
2026/09/06 13:27:46.210, 4531, 0
2026/09/06 13:27:47.211, 4531, 93
2026/09/06 13:27:48.211, 4531, 82
2026/09/06 13:27:49.211, 4551, 77
2026/09/06 13:27:50.211, 4551, 78
2026/09/06 13:27:51.212, 4551, 72
2026/09/06 13:27:52.212, 4551, 0
2026/09/06 13:27:53.212, 4991, 97
2026/09/06 13:27:54.212, 5071, 96
2026/09/06 13:27:55.213, 5071, 0
2026/09/06 13:27:56.213, 5071, 96
2026/09/06 13:27:57.213, 5071, 94
2026/09/06 13:27:58.213, 5071, 86
2026/09/06 13:27:59.214, 5071, 0
2026/09/06 13:28:00.214, 1157, 0
2026/09/06 13:28:01.214, 9013, 94
2026/09/06 13:28:02.214, 16041, 23
2026/09/06 13:28:03.215, 16041, 22
2026/09/06 13:28:04.215, 16041, 25
2026/09/06 13:28:05.215, 16041, 26
2026/09/06 13:28:06.215, 16041, 26
2026/09/06 13:28:07.216, 16041, 26
2026/09/06 13:28:08.216, 16041, 25
2026/09/06 13:28:09.216, 16041, 26
2026/09/06 13:28:10.216, 16041, 26
2026/09/06 13:28:11.217, 16041, 25
2026/09/06 13:28:12.217, 16041, 26
2026/09/06 13:28:13.217, 16041, 26
2026/09/06 13:28:14.217, 16041, 25
2026/09/06 13:28:15.218, 16041, 26
2026/09/06 13:28:16.218, 16041, 26
2026/09/06 13:28:17.218, 16041, 26
2026/09/06 13:28:18.219, 16041, 20
2026/09/06 13:28:19.219, 16041, 21
2026/09/06 13:28:20.219, 16041, 8
2026/09/06 13:28:21.219, 16041, 8
2026/09/06 13:28:22.220, 16041, 7
2026/09/06 13:28:23.220, 16041, 10
2026/09/06 13:28:24.220, 16041, 27
2026/09/06 13:28:25.220, 16041, 21
2026/09/06 13:28:26.220, 16041, 22
2026/09/06 13:28:27.221, 16041, 26
2026/09/06 13:28:28.221, 16041, 27
2026/09/06 13:28:29.221, 16041, 27
2026/09/06 13:28:30.221, 16041, 27
2026/09/06 13:28:31.222, 16041, 24
2026/09/06 13:28:32.222, 16041, 27
2026/09/06 13:28:33.222, 16041, 18
2026/09/06 13:28:34.222, 16041, 24
2026/09/06 13:28:35.223, 16041, 25
2026/09/06 13:28:36.223, 16041, 25
2026/09/06 13:28:37.223, 16041, 25
2026/09/06 13:28:38.224, 16041, 25
2026/09/06 13:28:39.224, 16041, 25
2026/09/06 13:28:40.224, 16041, 26
2026/09/06 13:28:41.224, 16041, 26
2026/09/06 13:28:42.225, 16041, 25
2026/09/06 13:28:43.225, 16041, 26
2026/09/06 13:28:44.225, 1157, 0
2026/09/06 13:28:45.225, 3749, 96
2026/09/06 13:28:46.226, 3869, 95
2026/09/06 13:28:47.226, 3989, 96
2026/09/06 13:28:48.226, 3989, 96
2026/09/06 13:28:49.226, 4455, 88
2026/09/06 13:28:50.227, 4495, 92
2026/09/06 13:28:51.227, 4495, 92
2026/09/06 13:28:52.227, 4495, 66
2026/09/06 13:28:53.227, 4515, 72
2026/09/06 13:28:54.228, 4515, 0
2026/09/06 13:28:55.228, 4515, 77
2026/09/06 13:28:56.228, 4535, 77
2026/09/06 13:28:57.228, 4535, 76
2026/09/06 13:28:58.229, 4535, 43
2026/09/06 13:28:59.229, 4535, 40
2026/09/06 13:29:00.229, 4535, 0
2026/09/06 13:29:01.229, 4535, 82
2026/09/06 13:29:02.230, 4535, 57
2026/09/06 13:29:03.230, 4535, 75
2026/09/06 13:29:04.230, 4535, 52
2026/09/06 13:29:05.230, 4555, 79
2026/09/06 13:29:06.230, 4555, 73
2026/09/06 13:29:07.231, 4555, 0
2026/09/06 13:29:08.231, 4555, 87
2026/09/06 13:29:09.231, 4555, 70
2026/09/06 13:29:10.232, 4555, 82
2026/09/06 13:29:11.232, 4555, 93
2026/09/06 13:29:12.232, 4555, 0
2026/09/06 13:29:13.232, 1157, 56
2026/09/06 13:29:14.233, 1899, 0
2026/09/06 13:29:15.233, 16021, 0
2026/09/06 13:29:16.233, 16021, 23
2026/09/06 13:29:17.233, 16021, 20
2026/09/06 13:29:18.234, 16021, 20
2026/09/06 13:29:19.234, 16021, 26
2026/09/06 13:29:20.234, 16021, 25
2026/09/06 13:29:21.234, 16021, 25
2026/09/06 13:29:22.235, 16021, 21
2026/09/06 13:29:23.235, 16021, 21
2026/09/06 13:29:24.235, 16021, 21
2026/09/06 13:29:25.235, 16021, 20
2026/09/06 13:29:26.236, 16021, 21
2026/09/06 13:29:27.236, 16021, 26
2026/09/06 13:29:28.236, 16021, 25
2026/09/06 13:29:29.236, 16021, 25
2026/09/06 13:29:30.236, 16021, 26
2026/09/06 13:29:31.237, 16021, 26
2026/09/06 13:29:32.237, 16021, 25
2026/09/06 13:29:33.237, 16021, 26
2026/09/06 13:29:34.237, 16021, 26
2026/09/06 13:29:35.238, 16021, 26
2026/09/06 13:29:36.238, 16021, 26
2026/09/06 13:29:37.238, 16021, 25
2026/09/06 13:29:38.238, 16021, 11
2026/09/06 13:29:39.239, 16021, 12
2026/09/06 13:29:40.239, 16021, 10
2026/09/06 13:29:41.239, 16021, 10
2026/09/06 13:29:42.239, 16021, 27
2026/09/06 13:29:43.239, 16021, 27
2026/09/06 13:29:44.240, 16021, 16
2026/09/06 13:29:45.240, 16021, 21
2026/09/06 13:29:46.240, 16021, 26
2026/09/06 13:29:47.241, 16021, 25
2026/09/06 13:29:48.241, 16021, 25
2026/09/06 13:29:49.241, 16021, 26
2026/09/06 13:29:50.241, 16021, 25
2026/09/06 13:29:51.242, 16021, 25
2026/09/06 13:29:52.242, 16021, 26
2026/09/06 13:29:53.242, 16021, 25
2026/09/06 13:29:54.242, 16021, 24
2026/09/06 13:29:55.243, 16021, 25
2026/09/06 13:29:56.243, 16021, 26
2026/09/06 13:29:57.243, 16021, 25
2026/09/06 13:29:58.243, 16021, 26
2026/09/06 13:29:59.244, 16021, 24
2026/09/06 13:30:00.244, 16021, 26
2026/09/06 13:30:01.244, 16021, 26
2026/09/06 13:30:02.244, 16021, 26
2026/09/06 13:30:03.245, 16021, 26
2026/09/06 13:30:04.245, 16021, 25
2026/09/06 13:30:05.245, 16021, 25
2026/09/06 13:30:06.245, 16021, 26
2026/09/06 13:30:07.246, 16021, 25
2026/09/06 13:30:08.246, 16021, 26
2026/09/06 13:30:09.246, 16021, 26
2026/09/06 13:30:10.246, 16021, 26
2026/09/06 13:30:11.247, 16021, 26
2026/09/06 13:30:12.247, 16021, 26
2026/09/06 13:30:13.247, 16021, 26
2026/09/06 13:30:14.247, 16021, 25
2026/09/06 13:30:15.248, 16021, 10
2026/09/06 13:30:16.248, 16021, 10
2026/09/06 13:30:17.248, 16021, 10
2026/09/06 13:30:18.248, 15031, 10
2026/09/06 13:30:19.249, 1157, 0
2026/09/06 13:30:20.249, 3749, 96
2026/09/06 13:30:21.249, 3869, 97
2026/09/06 13:30:22.249, 4129, 96
2026/09/06 13:30:23.250, 4129, 96
2026/09/06 13:30:24.250, 4451, 82
2026/09/06 13:30:25.250, 4491, 91
2026/09/06 13:30:26.250, 4491, 90
2026/09/06 13:30:27.251, 4491, 90
2026/09/06 13:30:28.251, 4511, 77
2026/09/06 13:30:29.251, 4511, 91
2026/09/06 13:30:30.251, 4511, 93
2026/09/06 13:30:31.252, 4511, 80
2026/09/06 13:30:32.252, 4511, 75
2026/09/06 13:30:33.252, 4531, 80
2026/09/06 13:30:34.252, 4531, 94
2026/09/06 13:30:35.253, 4531, 78
2026/09/06 13:30:36.253, 4531, 72
2026/09/06 13:30:37.253, 4591, 83
2026/09/06 13:30:38.253, 5091, 86
2026/09/06 13:30:39.254, 5091, 0
2026/09/06 13:30:40.254, 5091, 86
2026/09/06 13:30:41.254, 5091, 74
2026/09/06 13:30:42.254, 5091, 77
2026/09/06 13:30:43.255, 5091, 82
2026/09/06 13:30:44.255, 5091, 0
2026/09/06 13:30:45.255, 5091, 0
2026/09/06 13:30:46.256, 5049, 0
2026/09/06 13:30:47.256, 5049, 0
2026/09/06 13:30:48.256, 4, 0
2026/09/06 13:30:50.448, 1, 0
2026/09/06 13:30:51.448, 1, 0
2026/09/06 13:30:52.449, 1, 0
2026/09/06 13:30:53.449, 1, 0
2026/09/06 13:30:54.449, 1, 0
2026/09/06 13:30:55.449, 1, 0
2026/09/06 13:30:56.450, 1, 0
2026/09/06 13:30:57.450, 1, 0
2026/09/06 13:30:58.450, 1, 0
2026/09/06 13:30:59.450, 1, 0
2026/09/06 13:31:00.451, 1, 0
2026/09/06 13:31:01.451, 1, 0
2026/09/06 13:31:02.451, 1, 0
2026/09/06 13:31:03.451, 1, 0
2026/09/06 13:31:04.452, 1, 0
2026/09/06 13:31:05.452, 1, 0
2026/09/06 13:31:06.452, 1, 0
2026/09/06 13:31:07.452, 1, 0
2026/09/06 13:31:08.453, 1, 0
2026/09/06 13:31:09.453, 4, 0
2026/09/06 13:31:10.453, 4, 0
2026/09/06 13:31:11.453, 4, 0
2026/09/06 13:31:12.454, 4, 0
2026/09/06 13:31:13.454, 4, 0
2026/09/06 13:31:14.454, 4, 0
2026/09/06 13:31:15.454, 4, 0
2026/09/06 13:31:16.454, 4, 0
2026/09/06 13:31:17.455, 4, 0
2026/09/06 13:31:18.455, 4, 0
2026/09/06 13:31:19.455, 4, 0
2026/09/06 13:31:20.456, 4, 0
2026/09/06 13:31:21.456, 4, 0
2026/09/06 13:31:22.456, 4, 0
2026/09/06 13:31:23.456, 4, 0
2026/09/06 13:31:24.457, 4, 0
2026/09/06 13:31:25.457, 4, 0
2026/09/06 13:31:26.457, 4, 0
2026/09/06 13:31:27.457, 4, 0
2026/09/06 13:31:28.457, 4, 0
2026/09/06 13:31:29.458, 4, 0
2026/09/06 13:31:30.458, 4, 0
2026/09/06 13:31:31.458, 4, 0
2026/09/06 13:31:32.459, 4, 0
2026/09/06 13:31:33.459, 4, 0
2026/09/06 13:31:34.459, 4, 0
2026/09/06 13:31:35.459, 4, 0
2026/09/06 13:31:36.460, 4, 0
2026/09/06 13:31:37.460, 4, 0
2026/09/06 13:31:38.460, 4, 0
2026/09/06 13:31:39.460, 4, 0
2026/09/06 13:31:40.461, 4, 0
2026/09/06 13:31:41.461, 4, 0
2026/09/06 13:31:42.461, 4, 0
2026/09/06 13:31:43.462, 4, 0
2026/09/06 13:31:44.462, 4, 0
2026/09/06 13:31:45.462, 4, 0
2026/09/06 13:31:46.462, 4, 0
2026/09/06 13:31:47.463, 4, 0
2026/09/06 13:31:48.463, 4, 0
2026/09/06 13:31:49.463, 4, 0
2026/09/06 13:31:50.463, 4, 0
2026/09/06 13:31:51.464, 4, 0
2026/09/06 13:31:52.464, 4, 0
2026/09/06 13:31:53.464, 4, 0
2026/09/06 13:31:54.464, 4, 0
2026/09/06 13:31:55.465, 4, 0
2026/09/06 13:31:56.465, 4, 0
2026/09/06 13:31:57.465, 395, 2
2026/09/06 13:31:58.465, 395, 0
2026/09/06 13:31:59.466, 733, 0
2026/09/06 13:32:00.466, 733, 4
2026/09/06 13:32:01.466, 735, 4
2026/09/06 13:32:02.466, 737, 7
2026/09/06 13:32:03.467, 739, 7
2026/09/06 13:32:04.467, 741, 9
2026/09/06 13:32:05.467, 743, 10
2026/09/06 13:32:06.467, 745, 10
2026/09/06 13:32:07.468, 745, 10
2026/09/06 13:32:08.468, 747, 7
2026/09/06 13:32:09.468, 749, 6
2026/09/06 13:32:10.468, 751, 5
2026/09/06 13:32:11.469, 2237, 4
2026/09/06 13:32:12.469, 2239, 0
2026/09/06 13:32:13.469, 2239, 15
2026/09/06 13:32:14.469, 2239, 9
2026/09/06 13:32:15.470, 2239, 15
2026/09/06 13:32:16.470, 2239, 15
2026/09/06 13:32:17.470, 2239, 6
2026/09/06 13:32:18.471, 2239, 6
2026/09/06 13:32:19.471, 2241, 0
2026/09/06 13:32:20.471, 2821, 0
2026/09/06 13:32:21.471, 2821, 12
2026/09/06 13:32:22.472, 2821, 14
2026/09/06 13:32:23.472, 2821, 12
2026/09/06 13:32:24.472, 2821, 13
2026/09/06 13:32:25.472, 2821, 47
2026/09/06 13:32:26.473, 2821, 0
2026/09/06 13:32:27.473, 2821, 0
2026/09/06 13:32:28.473, 2821, 0
2026/09/06 13:32:29.474, 2821, 0
2026/09/06 13:32:30.474, 2821, 0
2026/09/06 13:32:31.474, 2821, 0
2026/09/06 13:32:32.474, 2821, 0
2026/09/06 13:32:33.475, 2821, 0
2026/09/06 13:32:34.475, 2821, 0
2026/09/06 13:32:35.475, 2821, 0
2026/09/06 13:32:36.475, 2821, 0
2026/09/06 13:32:37.476, 2821, 0
2026/09/06 13:32:38.476, 2821, 0
2026/09/06 13:32:39.476, 2821, 0
2026/09/06 13:32:40.476, 2821, 0
2026/09/06 13:32:41.477, 2821, 0
2026/09/06 13:32:42.477, 2821, 0
2026/09/06 13:32:43.477, 2821, 0
2026/09/06 13:32:44.478, 2821, 0
2026/09/06 13:32:45.478, 2821, 0
2026/09/06 13:32:46.478, 2821, 0
2026/09/06 13:32:47.478, 2821, 0
2026/09/06 13:32:48.479, 2821, 0
2026/09/06 13:32:49.479, 2821, 0
2026/09/06 13:32:50.479, 2821, 0
2026/09/06 13:32:51.479, 2821, 0
2026/09/06 13:32:52.480, 2821, 0
2026/09/06 13:32:53.480, 2821, 0
2026/09/06 13:32:54.480, 2821, 0
2026/09/06 13:32:55.480, 2821, 0
2026/09/06 13:32:56.481, 2821, 0
2026/09/06 13:32:57.481, 2821, 0
2026/09/06 13:32:58.481, 2821, 0
2026/09/06 13:32:59.481, 2821, 0
2026/09/06 13:33:00.482, 2821, 0
2026/09/06 13:33:01.482, 2821, 0
2026/09/06 13:33:02.482, 2821, 0
2026/09/06 13:33:03.482, 2821, 0
2026/09/06 13:33:04.483, 2821, 0
2026/09/06 13:33:05.483, 2821, 0
2026/09/06 13:33:06.483, 2821, 0
2026/09/06 13:33:07.483, 2821, 0
2026/09/06 13:33:08.484, 2821, 0
2026/09/06 13:33:09.484, 2821, 0
2026/09/06 13:33:10.484, 2821, 0
2026/09/06 13:33:11.484, 2821, 0
2026/09/06 13:33:12.485, 2821, 0
2026/09/06 13:33:13.485, 2821, 0
2026/09/06 13:33:14.485, 2821, 0
2026/09/06 13:33:15.485, 2821, 0
2026/09/06 13:33:16.486, 2821, 0
2026/09/06 13:33:17.486, 2821, 0
2026/09/06 13:33:18.486, 2821, 0
2026/09/06 13:33:19.486, 1073, 0
2026/09/06 13:33:20.487, 8803, 18
2026/09/06 13:33:21.487, 8803, 19
2026/09/06 13:33:22.487, 8929, 0
2026/09/06 13:33:23.487, 9009, 4
2026/09/06 13:33:24.488, 13125, 0
2026/09/06 13:33:25.488, 21683, 81
2026/09/06 13:33:26.489, 20941, 0
2026/09/06 13:33:27.489, 19001, 12
2026/09/06 13:33:28.489, 17067, 12
2026/09/06 13:33:29.489, 15275, 12
2026/09/06 13:33:30.490, 6861, 12
2026/09/06 13:33:31.490, 1127, 0
2026/09/06 13:33:32.490, 1127, 0
2026/09/06 13:33:33.490, 8983, 66
2026/09/06 13:33:34.491, 15967, 0
2026/09/06 13:33:35.491, 15967, 0
2026/09/06 13:33:36.491, 15967, 0
2026/09/06 13:33:37.492, 15967, 0
2026/09/06 13:33:38.492, 15967, 0
2026/09/06 13:33:39.492, 15967, 0
2026/09/06 13:33:40.492, 15967, 0
2026/09/06 13:33:41.493, 15967, 0
2026/09/06 13:33:42.493, 15967, 0
2026/09/06 13:33:43.493, 15967, 0
2026/09/06 13:33:44.493, 15991, 0
2026/09/06 13:33:45.494, 15991, 21
2026/09/06 13:33:46.494, 15991, 20
2026/09/06 13:33:47.494, 15991, 24
2026/09/06 13:33:48.495, 15991, 26
2026/09/06 13:33:49.495, 15991, 27
2026/09/06 13:33:50.495, 15991, 25
2026/09/06 13:33:51.495, 15991, 25
2026/09/06 13:33:52.496, 15991, 24
2026/09/06 13:33:53.496, 15991, 27
2026/09/06 13:33:54.496, 15991, 25
2026/09/06 13:33:55.496, 15991, 21
2026/09/06 13:33:56.497, 15991, 20
2026/09/06 13:33:57.497, 15991, 26
2026/09/06 13:33:58.497, 15991, 22
2026/09/06 13:33:59.497, 15991, 21
2026/09/06 13:34:00.498, 15991, 15
2026/09/06 13:34:01.498, 15991, 20
2026/09/06 13:34:02.498, 15991, 24
2026/09/06 13:34:03.498, 15991, 26
2026/09/06 13:34:04.499, 15991, 26
2026/09/06 13:34:05.499, 15991, 22
2026/09/06 13:34:06.499, 15991, 21
2026/09/06 13:34:07.500, 15991, 20
2026/09/06 13:34:08.500, 15991, 25
2026/09/06 13:34:09.500, 15991, 25
2026/09/06 13:34:10.500, 15991, 25
2026/09/06 13:34:11.501, 15991, 25
2026/09/06 13:34:12.501, 15991, 25
2026/09/06 13:34:13.501, 15991, 26
2026/09/06 13:34:14.502, 15991, 24
2026/09/06 13:34:15.502, 15991, 25
2026/09/06 13:34:16.502, 15991, 24
2026/09/06 13:34:17.502, 15991, 24
2026/09/06 13:34:18.503, 15991, 24
2026/09/06 13:34:19.503, 15991, 25
2026/09/06 13:34:20.503, 15991, 27
2026/09/06 13:34:21.503, 15991, 26
2026/09/06 13:34:22.504, 15991, 27
2026/09/06 13:34:23.504, 15991, 26
2026/09/06 13:34:24.504, 15991, 26
2026/09/06 13:34:25.504, 15991, 26
2026/09/06 13:34:26.505, 15991, 26
2026/09/06 13:34:27.505, 15991, 27
2026/09/06 13:34:28.505, 15991, 26
2026/09/06 13:34:29.505, 15991, 26
2026/09/06 13:34:30.506, 15991, 26
2026/09/06 13:34:31.506, 15991, 26
2026/09/06 13:34:32.506, 15991, 20
2026/09/06 13:34:33.507, 15991, 26
2026/09/06 13:34:34.507, 15991, 26
2026/09/06 13:34:35.507, 15991, 26
2026/09/06 13:34:36.507, 15991, 25
2026/09/06 13:34:37.508, 15991, 27
2026/09/06 13:34:38.508, 15991, 25
2026/09/06 13:34:39.508, 15991, 22
2026/09/06 13:34:40.509, 15991, 26
2026/09/06 13:34:41.509, 15991, 27
2026/09/06 13:34:42.509, 15991, 25
2026/09/06 13:34:43.509, 15991, 27
2026/09/06 13:34:44.510, 15991, 26
2026/09/06 13:34:45.510, 15991, 27
2026/09/06 13:34:46.510, 15991, 27
2026/09/06 13:34:47.510, 15991, 26
2026/09/06 13:34:48.511, 15991, 27
2026/09/06 13:34:49.511, 15991, 26
2026/09/06 13:34:50.511, 15991, 26
2026/09/06 13:34:51.511, 15991, 26
2026/09/06 13:34:52.512, 15991, 25
2026/09/06 13:34:53.512, 15991, 26
2026/09/06 13:34:54.512, 15991, 27
2026/09/06 13:34:55.512, 15991, 27
2026/09/06 13:34:56.513, 15991, 22
2026/09/06 13:34:57.513, 15991, 22
2026/09/06 13:34:58.513, 15991, 24
2026/09/06 13:34:59.514, 15991, 26
2026/09/06 13:35:00.514, 15991, 26
2026/09/06 13:35:01.514, 15991, 27
2026/09/06 13:35:02.514, 15991, 22
2026/09/06 13:35:03.515, 15991, 27
2026/09/06 13:35:04.515, 15991, 27
2026/09/06 13:35:05.515, 15991, 27
2026/09/06 13:35:06.516, 15991, 27
2026/09/06 13:35:07.516, 15991, 27
2026/09/06 13:35:08.516, 15991, 27
2026/09/06 13:35:09.517, 15991, 27
2026/09/06 13:35:10.517, 15991, 27
2026/09/06 13:35:11.517, 15991, 22
2026/09/06 13:35:12.517, 15991, 22
2026/09/06 13:35:13.518, 15991, 20
2026/09/06 13:35:14.518, 15991, 26
2026/09/06 13:35:15.518, 15991, 25
2026/09/06 13:35:16.518, 15991, 27
2026/09/06 13:35:17.519, 15991, 25
2026/09/06 13:35:18.519, 15991, 26
2026/09/06 13:35:19.519, 15991, 27
2026/09/06 13:35:20.519, 15991, 27
2026/09/06 13:35:21.520, 15991, 27
2026/09/06 13:35:22.520, 15991, 27
2026/09/06 13:35:23.520, 15991, 27
2026/09/06 13:35:24.520, 15991, 27
2026/09/06 13:35:25.521, 15991, 27
2026/09/06 13:35:26.521, 15991, 27
2026/09/06 13:35:27.521, 15991, 27
2026/09/06 13:35:28.522, 15991, 27
2026/09/06 13:35:29.522, 15991, 27
2026/09/06 13:35:30.522, 15991, 23
2026/09/06 13:35:31.522, 15991, 23
2026/09/06 13:35:32.522, 15991, 27
2026/09/06 13:35:33.523, 15991, 27
2026/09/06 13:35:34.523, 15991, 27
2026/09/06 13:35:35.523, 15991, 25
2026/09/06 13:35:36.524, 15991, 27
2026/09/06 13:35:37.524, 15991, 27
2026/09/06 13:35:38.524, 15991, 27
2026/09/06 13:35:39.524, 15991, 27
2026/09/06 13:35:40.525, 15991, 27
2026/09/06 13:35:41.525, 15991, 27
2026/09/06 13:35:42.525, 15991, 27
2026/09/06 13:35:43.525, 15991, 27
2026/09/06 13:35:44.526, 15991, 22
2026/09/06 13:35:45.526, 15991, 26
2026/09/06 13:35:46.526, 15991, 26
2026/09/06 13:35:47.526, 15991, 27
2026/09/06 13:35:48.526, 15991, 27
2026/09/06 13:35:49.527, 15991, 27
2026/09/06 13:35:50.527, 15991, 26
2026/09/06 13:35:51.527, 15991, 26
2026/09/06 13:35:52.527, 15991, 21
2026/09/06 13:35:53.528, 15991, 22
2026/09/06 13:35:54.528, 15991, 25
2026/09/06 13:35:55.528, 15991, 24
2026/09/06 13:35:56.528, 15991, 27
2026/09/06 13:35:57.529, 15991, 25
2026/09/06 13:35:58.529, 15991, 25
2026/09/06 13:35:59.529, 15991, 27
2026/09/06 13:36:00.529, 15991, 27
2026/09/06 13:36:01.530, 15991, 27
2026/09/06 13:36:02.530, 15991, 25
2026/09/06 13:36:03.530, 15991, 25
2026/09/06 13:36:04.531, 15991, 25
2026/09/06 13:36:05.531, 13353, 21
2026/09/06 13:36:06.531, 1127, 0
2026/09/06 13:36:07.531, 3799, 93
2026/09/06 13:36:08.532, 5031, 97
2026/09/06 13:36:09.532, 5031, 64
2026/09/06 13:36:10.532, 5031, 0
2026/09/06 13:36:11.532, 1157, 58
2026/09/06 13:36:12.533, 6705, 0
2026/09/06 13:36:13.533, 16021, 0
2026/09/06 13:36:14.533, 16021, 24
2026/09/06 13:36:15.533, 16021, 24
2026/09/06 13:36:16.534, 16021, 25
2026/09/06 13:36:17.534, 16021, 25
2026/09/06 13:36:18.534, 16021, 26
2026/09/06 13:36:19.535, 16021, 25
2026/09/06 13:36:20.535, 16021, 24
2026/09/06 13:36:21.535, 16021, 25
2026/09/06 13:36:22.535, 16021, 23
2026/09/06 13:36:23.536, 16021, 26
2026/09/06 13:36:24.536, 16021, 24
2026/09/06 13:36:25.536, 16021, 24
2026/09/06 13:36:26.536, 16021, 19
2026/09/06 13:36:27.537, 16021, 20
2026/09/06 13:36:28.537, 16021, 26
2026/09/06 13:36:29.537, 16021, 24
2026/09/06 13:36:30.538, 16021, 24
2026/09/06 13:36:31.538, 16021, 25
2026/09/06 13:36:32.538, 16021, 26
2026/09/06 13:36:33.538, 16021, 26
2026/09/06 13:36:34.539, 16021, 26
2026/09/06 13:36:35.539, 16021, 25
2026/09/06 13:36:36.539, 16021, 26
2026/09/06 13:36:37.539, 16021, 23
2026/09/06 13:36:38.539, 16021, 21
2026/09/06 13:36:39.540, 16021, 21
2026/09/06 13:36:40.540, 16021, 26
2026/09/06 13:36:41.540, 16021, 26
2026/09/06 13:36:42.540, 16021, 26
2026/09/06 13:36:43.541, 16021, 26
2026/09/06 13:36:44.541, 16021, 26
2026/09/06 13:36:45.541, 1157, 86
2026/09/06 13:36:46.542, 3909, 96
2026/09/06 13:36:47.542, 4491, 80
2026/09/06 13:36:48.542, 4531, 86
2026/09/06 13:36:49.542, 4531, 0
2026/09/06 13:36:50.543, 1157, 0
2026/09/06 13:36:51.543, 9013, 97
2026/09/06 13:36:52.543, 16021, 25
2026/09/06 13:36:53.543, 16021, 25
2026/09/06 13:36:54.544, 16021, 25
2026/09/06 13:36:55.544, 16021, 24
2026/09/06 13:36:56.544, 16021, 24
2026/09/06 13:36:57.545, 16021, 21
2026/09/06 13:36:58.545, 16021, 24
2026/09/06 13:36:59.545, 16021, 25
2026/09/06 13:37:00.545, 16021, 26
2026/09/06 13:37:01.546, 16021, 25
2026/09/06 13:37:02.546, 16021, 26
2026/09/06 13:37:03.546, 16021, 27
2026/09/06 13:37:04.546, 16021, 26
2026/09/06 13:37:05.547, 16021, 26
2026/09/06 13:37:06.547, 16021, 26
2026/09/06 13:37:07.547, 16021, 26
2026/09/06 13:37:08.547, 16021, 25
2026/09/06 13:37:09.548, 16021, 26
2026/09/06 13:37:10.548, 16021, 26
2026/09/06 13:37:11.548, 16021, 24
2026/09/06 13:37:12.548, 16021, 25
2026/09/06 13:37:13.549, 16021, 26
2026/09/06 13:37:14.549, 16021, 26
2026/09/06 13:37:15.549, 16021, 26
2026/09/06 13:37:16.550, 16021, 26
2026/09/06 13:37:17.550, 16021, 26
2026/09/06 13:37:18.550, 1157, 92
2026/09/06 13:37:19.550, 3869, 91
2026/09/06 13:37:20.551, 4491, 85
2026/09/06 13:37:21.551, 4511, 89
2026/09/06 13:37:22.551, 4511, 0
2026/09/06 13:37:23.552, 1157, 0
2026/09/06 13:37:24.552, 9013, 98
2026/09/06 13:37:25.552, 16013, 25
2026/09/06 13:37:26.552, 16013, 26
2026/09/06 13:37:27.553, 16013, 26
2026/09/06 13:37:28.553, 16013, 26
2026/09/06 13:37:29.553, 16013, 26
2026/09/06 13:37:30.553, 16013, 25
2026/09/06 13:37:31.554, 16013, 24
2026/09/06 13:37:32.554, 16013, 26
2026/09/06 13:37:33.554, 16013, 26
2026/09/06 13:37:34.555, 16013, 25
2026/09/06 13:37:35.555, 16013, 26
2026/09/06 13:37:36.555, 16013, 26
2026/09/06 13:37:37.555, 16013, 25
2026/09/06 13:37:38.556, 16013, 25
2026/09/06 13:37:39.556, 16013, 26
2026/09/06 13:37:40.556, 16013, 26
2026/09/06 13:37:41.556, 16013, 26
2026/09/06 13:37:42.557, 16013, 26
2026/09/06 13:37:43.557, 16013, 26
2026/09/06 13:37:44.557, 16013, 26
2026/09/06 13:37:45.557, 16013, 26
2026/09/06 13:37:46.558, 16013, 26
2026/09/06 13:37:47.558, 16013, 26
2026/09/06 13:37:48.558, 16013, 26
2026/09/06 13:37:49.559, 16013, 26
2026/09/06 13:37:50.559, 16013, 25
2026/09/06 13:37:51.559, 16013, 26
2026/09/06 13:37:52.559, 16013, 21
2026/09/06 13:37:53.560, 16013, 26
2026/09/06 13:37:54.560, 16013, 26
2026/09/06 13:37:55.560, 16013, 21
2026/09/06 13:37:56.560, 16013, 26
2026/09/06 13:37:57.561, 16013, 25
2026/09/06 13:37:58.561, 16013, 26
2026/09/06 13:37:59.561, 16013, 22
2026/09/06 13:38:00.561, 16013, 26
2026/09/06 13:38:01.562, 16013, 26
2026/09/06 13:38:02.562, 16013, 26
2026/09/06 13:38:03.562, 16013, 25
2026/09/06 13:38:04.562, 16013, 26
2026/09/06 13:38:05.563, 16013, 26
2026/09/06 13:38:06.563, 16013, 26
2026/09/06 13:38:07.563, 16013, 26
2026/09/06 13:38:08.563, 16013, 25
2026/09/06 13:38:09.564, 16013, 26
2026/09/06 13:38:10.564, 16013, 26
2026/09/06 13:38:11.564, 16013, 25
2026/09/06 13:38:12.564, 16013, 23
2026/09/06 13:38:13.565, 16013, 26
2026/09/06 13:38:14.565, 16013, 20
2026/09/06 13:38:15.565, 16013, 21
2026/09/06 13:38:16.565, 16013, 24
2026/09/06 13:38:17.565, 16013, 22
2026/09/06 13:38:18.566, 16013, 20
2026/09/06 13:38:19.566, 16013, 26
2026/09/06 13:38:20.566, 1173, 24
2026/09/06 13:38:21.566, 3849, 0
2026/09/06 13:38:22.567, 4549, 60
2026/09/06 13:38:23.567, 4571, 87
2026/09/06 13:38:24.567, 5071, 85
2026/09/06 13:38:25.567, 5071, 0
2026/09/06 13:38:26.568, 1157, 0
2026/09/06 13:38:27.568, 9013, 0
2026/09/06 13:38:28.568, 16021, 19
2026/09/06 13:38:29.569, 16021, 25
2026/09/06 13:38:30.569, 16021, 24
2026/09/06 13:38:31.569, 16021, 24
2026/09/06 13:38:32.569, 16021, 19
2026/09/06 13:38:33.570, 16021, 19
2026/09/06 13:38:34.570, 16021, 21
2026/09/06 13:38:35.570, 16021, 21
2026/09/06 13:38:36.570, 16021, 24
2026/09/06 13:38:37.571, 16021, 26
2026/09/06 13:38:38.571, 16021, 25
2026/09/06 13:38:39.571, 16021, 20
2026/09/06 13:38:40.571, 16021, 20
2026/09/06 13:38:41.572, 16021, 22
2026/09/06 13:38:42.572, 16021, 25
2026/09/06 13:38:43.572, 16021, 22
2026/09/06 13:38:44.573, 16021, 26
2026/09/06 13:38:45.573, 16021, 25
2026/09/06 13:38:46.573, 16021, 24
2026/09/06 13:38:47.573, 16021, 21
2026/09/06 13:38:48.573, 16021, 20
2026/09/06 13:38:49.574, 16021, 21
2026/09/06 13:38:50.574, 16021, 25
2026/09/06 13:38:51.574, 16021, 26
2026/09/06 13:38:52.574, 16021, 24
2026/09/06 13:38:53.575, 16021, 25
2026/09/06 13:38:54.575, 16021, 24
2026/09/06 13:38:55.575, 1181, 94
2026/09/06 13:38:56.576, 3729, 0
2026/09/06 13:38:57.576, 3851, 91
2026/09/06 13:38:58.576, 4511, 95
2026/09/06 13:38:59.576, 4511, 74
2026/09/06 13:39:00.577, 4511, 0
2026/09/06 13:39:01.577, 4469, 0
2026/09/06 13:39:02.577, 4, 0
2026/09/06 13:39:05.199, 1, 0
2026/09/06 13:39:06.200, 1, 0
2026/09/06 13:39:07.200, 1, 0
2026/09/06 13:39:08.200, 1, 0
2026/09/06 13:39:09.200, 1, 0
2026/09/06 13:39:10.201, 1, 0
2026/09/06 13:39:11.201, 1, 0
2026/09/06 13:39:12.201, 1, 0
2026/09/06 13:39:13.201, 1, 0
2026/09/06 13:39:14.202, 1, 0
2026/09/06 13:39:15.202, 1, 0
2026/09/06 13:39:16.202, 1, 0
2026/09/06 13:39:17.202, 4, 0
2026/09/06 13:39:18.203, 4, 0
2026/09/06 13:39:19.203, 4, 0
2026/09/06 13:39:20.203, 4, 0
2026/09/06 13:39:21.204, 4, 0
2026/09/06 13:39:22.204, 4, 0
2026/09/06 13:39:23.204, 4, 0
2026/09/06 13:39:24.204, 4, 0
2026/09/06 13:39:25.204, 4, 0
2026/09/06 13:39:26.205, 4, 0
2026/09/06 13:39:27.205, 4, 0
2026/09/06 13:39:28.205, 4, 0
2026/09/06 13:39:29.206, 4, 0
2026/09/06 13:39:30.206, 4, 0
2026/09/06 13:39:31.206, 4, 0
2026/09/06 13:39:32.206, 4, 0
2026/09/06 13:39:33.207, 4, 0
2026/09/06 13:39:34.207, 4, 0
2026/09/06 13:39:35.207, 4, 0
2026/09/06 13:39:36.207, 4, 0
2026/09/06 13:39:37.208, 4, 0
2026/09/06 13:39:38.208, 4, 0
2026/09/06 13:39:39.208, 4, 0
2026/09/06 13:39:40.208, 4, 0
2026/09/06 13:39:41.209, 4, 0
2026/09/06 13:39:42.209, 4, 0
2026/09/06 13:39:43.209, 4, 0
2026/09/06 13:39:44.210, 4, 0
2026/09/06 13:39:45.210, 4, 0
2026/09/06 13:39:46.210, 4, 0
2026/09/06 13:39:47.210, 4, 0
2026/09/06 13:39:48.211, 4, 0
2026/09/06 13:39:49.211, 4, 0
2026/09/06 13:39:50.211, 4, 0
2026/09/06 13:39:51.211, 4, 0
2026/09/06 13:39:52.212, 4, 0
2026/09/06 13:39:53.212, 4, 0
2026/09/06 13:39:54.212, 4, 0
2026/09/06 13:39:55.212, 4, 0
2026/09/06 13:39:56.213, 4, 0
2026/09/06 13:39:57.213, 4, 0
2026/09/06 13:39:58.213, 4, 0
2026/09/06 13:39:59.213, 4, 0
2026/09/06 13:40:00.214, 4, 0
2026/09/06 13:40:01.214, 4, 0
2026/09/06 13:40:02.214, 4, 0
2026/09/06 13:40:03.215, 4, 0
2026/09/06 13:40:04.215, 4, 0
2026/09/06 13:40:05.215, 4, 0
2026/09/06 13:40:06.215, 395, 0
2026/09/06 13:40:07.216, 395, 0
2026/09/06 13:40:08.216, 733, 3
2026/09/06 13:40:09.216, 735, 5
2026/09/06 13:40:10.216, 737, 4
2026/09/06 13:40:11.217, 737, 4
2026/09/06 13:40:12.217, 739, 3
2026/09/06 13:40:13.217, 741, 9
2026/09/06 13:40:14.218, 741, 2
2026/09/06 13:40:15.218, 743, 2
2026/09/06 13:40:16.218, 743, 1
2026/09/06 13:40:17.218, 745, 1
2026/09/06 13:40:18.219, 745, 9
2026/09/06 13:40:19.219, 747, 2
2026/09/06 13:40:20.219, 747, 2
2026/09/06 13:40:21.219, 747, 3
2026/09/06 13:40:22.220, 749, 3
2026/09/06 13:40:23.220, 749, 1
2026/09/06 13:40:24.220, 751, 2
2026/09/06 13:40:25.220, 751, 4
2026/09/06 13:40:26.221, 2237, 4
2026/09/06 13:40:27.221, 2237, 0
2026/09/06 13:40:28.221, 2239, 26
2026/09/06 13:40:29.221, 2239, 3
2026/09/06 13:40:30.222, 2239, 12
2026/09/06 13:40:31.222, 2239, 3
2026/09/06 13:40:32.222, 2239, 3
2026/09/06 13:40:33.223, 2239, 3
2026/09/06 13:40:34.223, 2239, 12
2026/09/06 13:40:35.223, 2239, 11
2026/09/06 13:40:36.223, 2239, 3
2026/09/06 13:40:37.224, 2239, 3
2026/09/06 13:40:38.224, 2239, 2
2026/09/06 13:40:39.224, 2239, 10
2026/09/06 13:40:40.225, 2239, 4
2026/09/06 13:40:41.225, 2241, 0
2026/09/06 13:40:42.225, 2287, 1
2026/09/06 13:40:43.225, 2821, 0
2026/09/06 13:40:44.226, 2821, 4
2026/09/06 13:40:45.226, 2821, 5
2026/09/06 13:40:46.226, 2821, 7
2026/09/06 13:40:47.226, 2821, 10
2026/09/06 13:40:48.227, 2821, 11
2026/09/06 13:40:49.227, 2821, 7
2026/09/06 13:40:50.227, 2821, 6
2026/09/06 13:40:51.227, 2821, 6
2026/09/06 13:40:52.228, 2821, 18
2026/09/06 13:40:53.228, 2821, 0
2026/09/06 13:40:54.228, 2821, 0
2026/09/06 13:40:55.229, 2821, 0
2026/09/06 13:40:56.229, 2821, 0
2026/09/06 13:40:57.229, 2821, 0
2026/09/06 13:40:58.230, 2821, 0
2026/09/06 13:40:59.230, 2821, 0
2026/09/06 13:41:00.230, 2821, 0
2026/09/06 13:41:01.230, 2821, 0
2026/09/06 13:41:02.231, 2821, 0
2026/09/06 13:41:03.231, 2821, 0
2026/09/06 13:41:04.231, 2821, 0
2026/09/06 13:41:05.231, 2821, 0
2026/09/06 13:41:06.232, 2821, 0
2026/09/06 13:41:07.232, 2821, 0
2026/09/06 13:41:08.232, 2821, 0
2026/09/06 13:41:09.232, 2821, 0
2026/09/06 13:41:10.233, 2821, 0
2026/09/06 13:41:11.233, 2821, 0
2026/09/06 13:41:12.233, 2821, 0
2026/09/06 13:41:13.234, 2821, 0
2026/09/06 13:41:14.234, 2821, 0
2026/09/06 13:41:15.234, 2821, 0
2026/09/06 13:41:16.234, 2821, 0
2026/09/06 13:41:17.235, 2821, 0
2026/09/06 13:41:18.235, 2821, 0
2026/09/06 13:41:19.235, 2821, 0
2026/09/06 13:41:20.235, 2821, 0
2026/09/06 13:41:21.236, 2821, 0
2026/09/06 13:41:22.236, 2821, 0
2026/09/06 13:41:23.236, 2821, 0
2026/09/06 13:41:24.236, 2821, 0
2026/09/06 13:41:25.237, 2821, 0
2026/09/06 13:41:26.237, 2821, 0
2026/09/06 13:41:27.237, 2821, 0
2026/09/06 13:41:28.237, 2821, 0
2026/09/06 13:41:29.238, 2821, 0
2026/09/06 13:41:30.238, 2821, 0
2026/09/06 13:41:31.238, 2821, 0
2026/09/06 13:41:32.238, 2821, 0
2026/09/06 13:41:33.239, 2821, 0
2026/09/06 13:41:34.239, 2821, 0
2026/09/06 13:41:35.239, 2821, 0
2026/09/06 13:41:36.239, 2821, 0
2026/09/06 13:41:37.239, 2821, 0
2026/09/06 13:41:38.240, 2821, 0
2026/09/06 13:41:39.240, 2821, 0
2026/09/06 13:41:40.240, 2821, 0
2026/09/06 13:41:41.240, 2821, 0
2026/09/06 13:41:42.241, 2821, 0
2026/09/06 13:41:43.241, 2821, 0
2026/09/06 13:41:44.241, 2821, 0
2026/09/06 13:41:45.242, 2821, 0
2026/09/06 13:41:46.242, 2821, 0
2026/09/06 13:41:47.242, 2821, 0
2026/09/06 13:41:48.242, 2821, 0
2026/09/06 13:41:49.243, 2821, 0
2026/09/06 13:41:50.243, 2821, 0
2026/09/06 13:41:51.243, 2821, 0
2026/09/06 13:41:52.243, 8561, 0
2026/09/06 13:41:53.244, 8803, 0
2026/09/06 13:41:54.244, 8929, 0
2026/09/06 13:41:55.244, 8929, 0
2026/09/06 13:41:56.244, 14811, 80
2026/09/06 13:41:57.245, 8965, 31
2026/09/06 13:41:58.245, 21683, 0
2026/09/06 13:41:59.245, 21683, 0
2026/09/06 13:42:00.246, 19145, 12
2026/09/06 13:42:01.246, 17403, 9
2026/09/06 13:42:02.246, 15489, 12
2026/09/06 13:42:03.246, 6861, 12
2026/09/06 13:42:04.247, 1127, 0
2026/09/06 13:42:05.247, 1127, 0
2026/09/06 13:42:06.247, 8983, 19
2026/09/06 13:42:07.247, 15967, 0
2026/09/06 13:42:08.248, 15967, 0
2026/09/06 13:42:09.248, 15967, 0
2026/09/06 13:42:10.248, 15967, 0
2026/09/06 13:42:11.248, 15967, 0
2026/09/06 13:42:12.249, 15967, 0
2026/09/06 13:42:13.249, 15967, 0
2026/09/06 13:42:14.249, 15967, 0
2026/09/06 13:42:15.249, 15991, 25
2026/09/06 13:42:16.249, 15991, 10
2026/09/06 13:42:17.250, 15991, 10
2026/09/06 13:42:18.250, 15991, 10
2026/09/06 13:42:19.250, 15991, 10
2026/09/06 13:42:20.250, 15991, 9
2026/09/06 13:42:21.251, 15991, 9
2026/09/06 13:42:22.251, 15991, 9
2026/09/06 13:42:23.251, 15991, 9
2026/09/06 13:42:24.251, 15991, 9
2026/09/06 13:42:25.252, 15991, 10
2026/09/06 13:42:26.252, 15991, 10
2026/09/06 13:42:27.252, 15991, 9
2026/09/06 13:42:28.252, 15991, 10
2026/09/06 13:42:29.253, 15991, 10
2026/09/06 13:42:30.253, 15991, 9
2026/09/06 13:42:31.253, 15991, 10
2026/09/06 13:42:32.253, 15991, 10
2026/09/06 13:42:33.254, 15991, 10
2026/09/06 13:42:34.254, 15991, 10
2026/09/06 13:42:35.254, 15991, 10
2026/09/06 13:42:36.254, 15991, 9
2026/09/06 13:42:37.255, 15991, 10
2026/09/06 13:42:38.255, 15991, 10
2026/09/06 13:42:39.255, 15991, 11
2026/09/06 13:42:40.256, 15991, 10
2026/09/06 13:42:41.256, 15991, 10
2026/09/06 13:42:42.256, 15991, 9
2026/09/06 13:42:43.256, 15991, 10
2026/09/06 13:42:44.257, 15991, 10
2026/09/06 13:42:45.257, 15991, 10
2026/09/06 13:42:46.257, 15991, 10
2026/09/06 13:42:47.257, 15991, 11
2026/09/06 13:42:48.258, 15991, 10
2026/09/06 13:42:49.258, 15991, 26
2026/09/06 13:42:50.258, 15991, 10
2026/09/06 13:42:51.259, 15991, 7
2026/09/06 13:42:52.259, 15991, 7
2026/09/06 13:42:53.259, 15991, 9
2026/09/06 13:42:54.259, 15991, 10
2026/09/06 13:42:55.259, 15991, 10
2026/09/06 13:42:56.260, 15991, 9
2026/09/06 13:42:57.260, 15991, 10
2026/09/06 13:42:58.260, 15991, 10
2026/09/06 13:42:59.260, 15991, 10
2026/09/06 13:43:00.261, 15991, 10
2026/09/06 13:43:01.261, 15991, 10
2026/09/06 13:43:02.261, 15991, 9
2026/09/06 13:43:03.261, 15991, 9
2026/09/06 13:43:04.262, 15991, 11
2026/09/06 13:43:05.262, 15991, 10
2026/09/06 13:43:06.262, 15991, 7
2026/09/06 13:43:07.262, 15991, 7
2026/09/06 13:43:08.263, 15991, 10
2026/09/06 13:43:09.263, 15991, 9
2026/09/06 13:43:10.263, 15991, 10
2026/09/06 13:43:11.264, 15991, 10
2026/09/06 13:43:12.264, 15991, 10
2026/09/06 13:43:13.264, 15991, 9
2026/09/06 13:43:14.264, 15991, 9
2026/09/06 13:43:15.265, 15991, 9
2026/09/06 13:43:16.265, 15991, 10
2026/09/06 13:43:17.265, 15991, 9
2026/09/06 13:43:18.265, 15991, 9
2026/09/06 13:43:19.266, 15991, 9
2026/09/06 13:43:20.266, 15991, 10
2026/09/06 13:43:21.266, 15991, 10
2026/09/06 13:43:22.266, 15991, 10
2026/09/06 13:43:23.267, 15991, 9
2026/09/06 13:43:24.267, 15991, 26
2026/09/06 13:43:25.267, 15991, 26
2026/09/06 13:43:26.267, 15991, 25
2026/09/06 13:43:27.268, 15991, 25
2026/09/06 13:43:28.268, 15991, 24
2026/09/06 13:43:29.268, 15991, 21
2026/09/06 13:43:30.268, 15991, 21
2026/09/06 13:43:31.269, 15991, 21
2026/09/06 13:43:32.269, 15991, 20
2026/09/06 13:43:33.269, 15991, 21
2026/09/06 13:43:34.269, 15991, 22
2026/09/06 13:43:35.270, 15991, 25
2026/09/06 13:43:36.270, 15991, 25
2026/09/06 13:43:37.270, 15991, 25
2026/09/06 13:43:38.270, 15991, 26
2026/09/06 13:43:39.271, 15991, 26
2026/09/06 13:43:40.271, 15991, 27
2026/09/06 13:43:41.271, 15991, 27
2026/09/06 13:43:42.271, 15991, 27
2026/09/06 13:43:43.272, 15991, 27
2026/09/06 13:43:44.272, 15991, 27
2026/09/06 13:43:45.272, 15991, 26
2026/09/06 13:43:46.273, 15991, 26
2026/09/06 13:43:47.273, 15991, 27
2026/09/06 13:43:48.273, 15991, 26
2026/09/06 13:43:49.273, 15991, 26
2026/09/06 13:43:50.274, 15991, 25
2026/09/06 13:43:51.274, 15991, 25
2026/09/06 13:43:52.274, 15991, 26
2026/09/06 13:43:53.274, 15991, 27
2026/09/06 13:43:54.275, 15991, 26
2026/09/06 13:43:55.275, 15991, 20
2026/09/06 13:43:56.275, 15991, 8
2026/09/06 13:43:57.275, 15991, 11
2026/09/06 13:43:58.276, 15991, 8
2026/09/06 13:43:59.276, 15991, 8
2026/09/06 13:44:00.276, 15991, 11
2026/09/06 13:44:01.277, 15991, 11
2026/09/06 13:44:02.277, 15991, 10
2026/09/06 13:44:03.277, 15991, 11
2026/09/06 13:44:04.277, 15991, 10
2026/09/06 13:44:05.278, 15991, 11
2026/09/06 13:44:06.278, 15991, 10
2026/09/06 13:44:07.278, 15991, 11
2026/09/06 13:44:08.278, 15991, 11
2026/09/06 13:44:09.279, 15991, 10
2026/09/06 13:44:10.279, 15991, 11
2026/09/06 13:44:11.279, 15991, 10
2026/09/06 13:44:12.279, 15991, 11
2026/09/06 13:44:13.280, 15991, 10
2026/09/06 13:44:14.280, 15991, 10
2026/09/06 13:44:15.280, 15991, 10
2026/09/06 13:44:16.280, 15991, 10
2026/09/06 13:44:17.281, 15991, 10
2026/09/06 13:44:18.281, 15991, 10
2026/09/06 13:44:19.281, 15991, 8
2026/09/06 13:44:20.281, 15991, 11
2026/09/06 13:44:21.282, 15991, 10
2026/09/06 13:44:22.282, 15991, 10
2026/09/06 13:44:23.282, 15991, 10
2026/09/06 13:44:24.282, 15991, 11
2026/09/06 13:44:25.283, 15991, 10
2026/09/06 13:44:26.283, 15991, 10
2026/09/06 13:44:27.283, 15991, 10
2026/09/06 13:44:28.284, 15991, 26
2026/09/06 13:44:29.284, 15991, 26
2026/09/06 13:44:30.284, 15991, 26
2026/09/06 13:44:31.284, 15991, 27
2026/09/06 13:44:32.285, 15991, 26
2026/09/06 13:44:33.285, 15991, 26
2026/09/06 13:44:34.285, 15991, 26
2026/09/06 13:44:35.285, 15991, 21
2026/09/06 13:44:36.286, 15991, 24
2026/09/06 13:44:37.286, 15991, 26
2026/09/06 13:44:38.286, 15991, 26
2026/09/06 13:44:39.287, 15991, 26
2026/09/06 13:44:40.287, 15991, 26
2026/09/06 13:44:41.287, 15991, 26
2026/09/06 13:44:42.287, 15991, 26
2026/09/06 13:44:43.288, 15991, 25
2026/09/06 13:44:44.288, 15991, 26
2026/09/06 13:44:45.288, 15991, 26
2026/09/06 13:44:46.288, 15991, 26
2026/09/06 13:44:47.289, 15991, 26
2026/09/06 13:44:48.289, 15991, 26
2026/09/06 13:44:49.289, 15991, 25
2026/09/06 13:44:50.289, 15991, 26
2026/09/06 13:44:51.290, 15991, 21
2026/09/06 13:44:52.290, 15991, 21
2026/09/06 13:44:53.290, 15991, 21
2026/09/06 13:44:54.290, 15991, 25
2026/09/06 13:44:55.291, 15991, 26
2026/09/06 13:44:56.291, 15991, 26
2026/09/06 13:44:57.291, 15991, 26
2026/09/06 13:44:58.292, 15991, 26
2026/09/06 13:44:59.292, 15991, 26
2026/09/06 13:45:00.292, 15991, 26
2026/09/06 13:45:01.292, 15991, 27
2026/09/06 13:45:02.293, 15991, 10
2026/09/06 13:45:03.293, 15991, 10
2026/09/06 13:45:04.293, 15991, 10
2026/09/06 13:45:05.293, 15991, 9
2026/09/06 13:45:06.294, 15991, 10
2026/09/06 13:45:07.294, 15991, 9
2026/09/06 13:45:08.294, 15991, 9
2026/09/06 13:45:09.295, 15991, 9
2026/09/06 13:45:10.295, 15991, 10
2026/09/06 13:45:11.295, 15991, 10
2026/09/06 13:45:12.295, 15991, 9
2026/09/06 13:45:13.296, 15991, 9
2026/09/06 13:45:14.296, 15991, 10
2026/09/06 13:45:15.296, 15991, 10
2026/09/06 13:45:16.297, 15991, 8
2026/09/06 13:45:17.297, 15991, 7
2026/09/06 13:45:18.297, 15991, 10
2026/09/06 13:45:19.297, 15991, 10
2026/09/06 13:45:20.298, 15991, 11
2026/09/06 13:45:21.298, 15991, 9
2026/09/06 13:45:22.298, 15991, 9
2026/09/06 13:45:23.298, 15991, 9
2026/09/06 13:45:24.299, 15991, 9
2026/09/06 13:45:25.299, 15991, 9
2026/09/06 13:45:26.299, 15991, 9
2026/09/06 13:45:27.299, 15991, 8
2026/09/06 13:45:28.300, 15991, 7
2026/09/06 13:45:29.300, 15991, 9
2026/09/06 13:45:30.300, 15991, 8
2026/09/06 13:45:31.300, 15991, 7
2026/09/06 13:45:32.301, 15991, 6
2026/09/06 13:45:33.301, 15991, 7
2026/09/06 13:45:34.301, 15991, 7
2026/09/06 13:45:35.301, 15991, 8
2026/09/06 13:45:36.302, 15991, 21
2026/09/06 13:45:37.302, 15991, 26
2026/09/06 13:45:38.302, 15991, 26
2026/09/06 13:45:39.302, 15991, 26
2026/09/06 13:45:40.303, 15991, 26
2026/09/06 13:45:41.303, 15991, 20
2026/09/06 13:45:42.303, 15991, 21
2026/09/06 13:45:43.303, 15991, 21
2026/09/06 13:45:44.304, 15991, 25
2026/09/06 13:45:45.304, 15991, 17
2026/09/06 13:45:46.304, 15991, 21
2026/09/06 13:45:47.304, 15991, 26
2026/09/06 13:45:48.305, 15991, 27
2026/09/06 13:45:49.305, 15991, 26
2026/09/06 13:45:50.305, 15991, 25
2026/09/06 13:45:51.305, 15991, 27
2026/09/06 13:45:52.306, 15991, 27
2026/09/06 13:45:53.306, 15991, 25
2026/09/06 13:45:54.306, 15991, 25
2026/09/06 13:45:55.306, 15991, 25
2026/09/06 13:45:56.307, 15991, 25
2026/09/06 13:45:57.307, 15991, 26
2026/09/06 13:45:58.307, 15991, 26
2026/09/06 13:45:59.308, 15991, 26
2026/09/06 13:46:00.308, 15991, 26
2026/09/06 13:46:01.308, 15991, 26
2026/09/06 13:46:02.308, 15991, 27
2026/09/06 13:46:03.309, 15991, 21
2026/09/06 13:46:04.309, 1127, 0
2026/09/06 13:46:05.309, 3721, 96
2026/09/06 13:46:06.309, 4201, 97
2026/09/06 13:46:07.310, 4451, 91
2026/09/06 13:46:08.310, 4451, 53
2026/09/06 13:46:09.310, 4491, 73
2026/09/06 13:46:10.310, 4491, 0
2026/09/06 13:46:11.311, 4511, 93
2026/09/06 13:46:12.311, 4551, 96
2026/09/06 13:46:13.311, 4551, 0
2026/09/06 13:46:14.312, 4631, 41
2026/09/06 13:46:15.312, 4586, 0
2026/09/06 13:46:16.312, 4586, 0
2026/09/06 13:46:17.312, 1, 0
2026/09/06 13:46:19.718, 1, 0
2026/09/06 13:46:20.718, 1, 0
2026/09/06 13:46:21.719, 1, 0
2026/09/06 13:46:22.719, 1, 0
2026/09/06 13:46:23.719, 1, 0
2026/09/06 13:46:24.719, 1, 0
2026/09/06 13:46:25.720, 1, 0
2026/09/06 13:46:26.720, 1, 0
2026/09/06 13:46:27.720, 1, 0
2026/09/06 13:46:28.720, 1, 0
2026/09/06 13:46:29.721, 1, 0
2026/09/06 13:46:30.721, 1, 0
2026/09/06 13:46:31.721, 1, 0
2026/09/06 13:46:32.722, 1, 0
2026/09/06 13:46:33.722, 1, 0
2026/09/06 13:46:34.722, 1, 0
2026/09/06 13:46:35.722, 1, 0
2026/09/06 13:46:36.723, 1, 0
2026/09/06 13:46:37.723, 1, 0
2026/09/06 13:46:38.723, 1, 0
2026/09/06 13:46:39.723, 1, 0
2026/09/06 13:46:40.724, 1, 0
2026/09/06 13:46:41.724, 1, 0
2026/09/06 13:46:42.724, 1, 0
2026/09/06 13:46:43.724, 1, 0
2026/09/06 13:46:44.724, 1, 0
2026/09/06 13:46:45.725, 1, 0
2026/09/06 13:46:46.725, 1, 0
2026/09/06 13:46:47.725, 1, 0
2026/09/06 13:46:48.725, 1, 0
2026/09/06 13:46:49.726, 1, 0
2026/09/06 13:46:50.726, 1, 0
2026/09/06 13:46:51.726, 1, 0
2026/09/06 13:46:52.727, 1, 0
2026/09/06 13:46:53.727, 1, 0
2026/09/06 13:46:54.727, 1, 0
2026/09/06 13:46:55.727, 1, 0
2026/09/06 13:46:56.728, 1, 0
2026/09/06 13:46:57.728, 1, 0
2026/09/06 13:46:58.728, 1, 0
2026/09/06 13:46:59.728, 1, 0
2026/09/06 13:47:00.729, 1, 0
2026/09/06 13:47:01.729, 1, 0
2026/09/06 13:47:02.729, 1, 0
2026/09/06 13:47:03.729, 1, 0
2026/09/06 13:47:04.730, 1, 0
2026/09/06 13:47:05.730, 1, 0
2026/09/06 13:47:06.730, 1, 0
2026/09/06 13:47:07.730, 1, 0
2026/09/06 13:47:08.731, 1, 0
2026/09/06 13:47:09.731, 1, 0
2026/09/06 13:47:10.731, 1, 0
2026/09/06 13:47:11.731, 1, 0
2026/09/06 13:47:12.732, 1, 0
2026/09/06 13:47:13.732, 1, 0
2026/09/06 13:47:14.732, 1, 0
2026/09/06 13:47:15.733, 1, 0
2026/09/06 13:47:16.733, 1, 0
2026/09/06 13:47:17.733, 1, 0
2026/09/06 13:47:18.733, 1, 0
2026/09/06 13:47:19.734, 1, 0
2026/09/06 13:47:20.734, 1, 0
2026/09/06 13:47:21.734, 1, 0
2026/09/06 13:47:22.734, 1, 0
2026/09/06 13:47:23.735, 1, 0
2026/09/06 13:47:24.735, 1, 0
2026/09/06 13:47:25.735, 1, 0
2026/09/06 13:47:26.735, 1, 0
2026/09/06 13:47:27.736, 1, 0
2026/09/06 13:47:28.736, 1, 0
2026/09/06 13:47:29.736, 1, 0
2026/09/06 13:47:30.736, 1, 0
2026/09/06 13:47:31.737, 1, 0
2026/09/06 13:47:32.737, 1, 0
2026/09/06 13:47:33.737, 1, 0
2026/09/06 13:47:34.737, 1, 0
2026/09/06 13:47:35.738, 1, 0
2026/09/06 13:47:36.738, 1, 0
2026/09/06 13:47:37.738, 1, 0
2026/09/06 13:47:38.738, 1, 0
2026/09/06 13:47:39.739, 1, 0
2026/09/06 13:47:40.739, 1, 0
2026/09/06 13:47:41.739, 1, 0
2026/09/06 13:47:42.740, 1, 0
2026/09/06 13:47:43.740, 1, 0
2026/09/06 13:47:44.740, 1, 0
2026/09/06 13:47:45.740, 1, 0
2026/09/06 13:47:46.741, 1, 0
2026/09/06 13:47:47.741, 1, 0
2026/09/06 13:47:48.741, 1, 0
2026/09/06 13:47:49.741, 1, 0
2026/09/06 13:47:50.742, 1, 0
2026/09/06 13:47:51.742, 1, 0
2026/09/06 13:47:52.742, 1, 0
2026/09/06 13:47:53.742, 1, 0
2026/09/06 13:47:54.743, 1, 0
2026/09/06 13:47:55.743, 1, 0
2026/09/06 13:47:56.743, 1, 0
2026/09/06 13:47:57.743, 1, 0
2026/09/06 13:47:58.744, 1, 0
2026/09/06 13:47:59.744, 1, 0
2026/09/06 13:48:00.744, 1, 0
2026/09/06 13:48:01.745, 1, 0
2026/09/06 13:48:02.745, 1, 0
2026/09/06 13:48:03.745, 1, 0
2026/09/06 13:48:04.745, 1, 0
2026/09/06 13:48:05.746, 1, 0
2026/09/06 13:48:06.746, 1, 0
2026/09/06 13:48:07.746, 4, 0
2026/09/06 13:48:08.746, 4, 0
2026/09/06 13:48:09.747, 4, 0
2026/09/06 13:48:10.747, 4, 0
2026/09/06 13:48:11.747, 4, 0
2026/09/06 13:48:12.748, 4, 0
2026/09/06 13:48:13.748, 4, 0
2026/09/06 13:48:14.748, 4, 0
2026/09/06 13:48:15.748, 4, 0
2026/09/06 13:48:16.749, 4, 0
2026/09/06 13:48:17.749, 4, 0
2026/09/06 13:48:18.749, 4, 0
2026/09/06 13:48:19.749, 4, 0
2026/09/06 13:48:20.750, 4, 0
2026/09/06 13:48:21.750, 4, 0
2026/09/06 13:48:22.750, 4, 0
2026/09/06 13:48:23.750, 4, 0
2026/09/06 13:48:24.751, 4, 0
2026/09/06 13:48:25.751, 4, 0
2026/09/06 13:48:26.751, 4, 0
2026/09/06 13:48:27.751, 4, 0
2026/09/06 13:48:28.752, 4, 0
2026/09/06 13:48:29.752, 4, 0
2026/09/06 13:48:30.752, 4, 0
2026/09/06 13:48:31.753, 4, 0
2026/09/06 13:48:32.753, 4, 0
2026/09/06 13:48:33.753, 4, 0
2026/09/06 13:48:34.753, 4, 0
2026/09/06 13:48:35.754, 4, 0
2026/09/06 13:48:36.754, 4, 0
2026/09/06 13:48:37.754, 4, 0
2026/09/06 13:48:38.754, 4, 0
2026/09/06 13:48:39.755, 4, 0
2026/09/06 13:48:40.755, 4, 0
2026/09/06 13:48:41.755, 4, 0
2026/09/06 13:48:42.756, 4, 0
2026/09/06 13:48:43.756, 4, 0
2026/09/06 13:48:44.756, 4, 0
2026/09/06 13:48:45.756, 4, 0
2026/09/06 13:48:46.757, 4, 0
2026/09/06 13:48:47.757, 4, 0
2026/09/06 13:48:48.757, 4, 0
2026/09/06 13:48:49.757, 4, 0
2026/09/06 13:48:50.758, 4, 0
2026/09/06 13:48:51.758, 4, 0
2026/09/06 13:48:52.758, 4, 0
2026/09/06 13:48:53.758, 4, 0
2026/09/06 13:48:54.759, 395, 0
2026/09/06 13:48:55.759, 395, 0
2026/09/06 13:48:56.759, 733, 19
2026/09/06 13:48:57.760, 733, 3
2026/09/06 13:48:58.760, 735, 4
2026/09/06 13:48:59.760, 737, 10
2026/09/06 13:49:00.760, 739, 10
2026/09/06 13:49:01.761, 741, 11
2026/09/06 13:49:02.761, 743, 4
2026/09/06 13:49:03.761, 743, 3
2026/09/06 13:49:04.761, 745, 4
2026/09/06 13:49:05.762, 745, 1
2026/09/06 13:49:06.762, 747, 3
2026/09/06 13:49:07.762, 747, 1
2026/09/06 13:49:08.762, 749, 1
2026/09/06 13:49:09.763, 749, 7
2026/09/06 13:49:10.763, 749, 1
2026/09/06 13:49:11.763, 751, 2
2026/09/06 13:49:12.763, 751, 1
2026/09/06 13:49:13.764, 2237, 8
2026/09/06 13:49:14.764, 2237, 0
2026/09/06 13:49:15.764, 2239, 0
2026/09/06 13:49:16.764, 2239, 11
2026/09/06 13:49:17.765, 2239, 3
2026/09/06 13:49:18.765, 2239, 13
2026/09/06 13:49:19.765, 2239, 5
2026/09/06 13:49:20.765, 2239, 3
2026/09/06 13:49:21.766, 2239, 2
2026/09/06 13:49:22.766, 2239, 3
2026/09/06 13:49:23.766, 2239, 11
2026/09/06 13:49:24.766, 2239, 11
2026/09/06 13:49:25.767, 2239, 11
2026/09/06 13:49:26.767, 2239, 4
2026/09/06 13:49:27.767, 2239, 0
2026/09/06 13:49:28.767, 2241, 0
2026/09/06 13:49:29.768, 2821, 0
2026/09/06 13:49:30.768, 2821, 5
2026/09/06 13:49:31.768, 2821, 6
2026/09/06 13:49:32.768, 2821, 6
2026/09/06 13:49:33.769, 2821, 6
2026/09/06 13:49:34.769, 2821, 6
2026/09/06 13:49:35.769, 2821, 8
2026/09/06 13:49:36.770, 2821, 6
2026/09/06 13:49:37.770, 2821, 7
2026/09/06 13:49:38.770, 2821, 9
2026/09/06 13:49:39.770, 2821, 7
2026/09/06 13:49:40.771, 2821, 0
2026/09/06 13:49:41.771, 2821, 0
2026/09/06 13:49:42.771, 2821, 0
2026/09/06 13:49:43.771, 2821, 0
2026/09/06 13:49:44.772, 2821, 0
2026/09/06 13:49:45.772, 2821, 0
2026/09/06 13:49:46.772, 2821, 0
2026/09/06 13:49:47.772, 2821, 0
2026/09/06 13:49:48.773, 2821, 0
2026/09/06 13:49:49.773, 2821, 0
2026/09/06 13:49:50.773, 2821, 0
2026/09/06 13:49:51.774, 2821, 0
2026/09/06 13:49:52.774, 2821, 0
2026/09/06 13:49:53.774, 2821, 0
2026/09/06 13:49:54.774, 2821, 0
2026/09/06 13:49:55.775, 2821, 0
2026/09/06 13:49:56.775, 2821, 0
2026/09/06 13:49:57.775, 2821, 0
2026/09/06 13:49:58.775, 2821, 0
2026/09/06 13:49:59.776, 2821, 0
2026/09/06 13:50:00.776, 2821, 0
2026/09/06 13:50:01.776, 2821, 0
2026/09/06 13:50:02.776, 2821, 0
2026/09/06 13:50:03.777, 2821, 0
2026/09/06 13:50:04.777, 2821, 0
2026/09/06 13:50:05.777, 2821, 0
2026/09/06 13:50:06.777, 2821, 0
2026/09/06 13:50:07.778, 2821, 0
2026/09/06 13:50:08.778, 2821, 0
2026/09/06 13:50:09.778, 2821, 0
2026/09/06 13:50:10.778, 2821, 0
2026/09/06 13:50:11.778, 2821, 0
2026/09/06 13:50:12.779, 2821, 0
2026/09/06 13:50:13.779, 2821, 0
2026/09/06 13:50:14.779, 2821, 0
2026/09/06 13:50:15.780, 2821, 0
2026/09/06 13:50:16.780, 2821, 0
2026/09/06 13:50:17.780, 2821, 0
2026/09/06 13:50:18.780, 2821, 0
2026/09/06 13:50:19.781, 2821, 0
2026/09/06 13:50:20.781, 2821, 0
2026/09/06 13:50:21.781, 2821, 0
2026/09/06 13:50:22.781, 2821, 0
2026/09/06 13:50:23.782, 2821, 0
2026/09/06 13:50:24.782, 2821, 0
2026/09/06 13:50:25.782, 2821, 0
2026/09/06 13:50:26.783, 2821, 0
2026/09/06 13:50:27.783, 2821, 0
2026/09/06 13:50:28.783, 2821, 0
2026/09/06 13:50:29.783, 2821, 0
2026/09/06 13:50:30.784, 2821, 0
2026/09/06 13:50:31.784, 2821, 0
2026/09/06 13:50:32.784, 2821, 0
2026/09/06 13:50:33.784, 2821, 0
2026/09/06 13:50:34.785, 2821, 0
2026/09/06 13:50:35.785, 2821, 0
2026/09/06 13:50:36.785, 2821, 0
2026/09/06 13:50:37.785, 2821, 0
2026/09/06 13:50:38.786, 2821, 0
2026/09/06 13:50:39.786, 2821, 0
2026/09/06 13:50:40.786, 2821, 0
2026/09/06 13:50:41.786, 2821, 0
2026/09/06 13:50:42.787, 2821, 0
2026/09/06 13:50:43.787, 2821, 0
2026/09/06 13:50:44.787, 2821, 0
2026/09/06 13:50:45.787, 2821, 0
2026/09/06 13:50:46.788, 2821, 0
2026/09/06 13:50:47.788, 2821, 0
2026/09/06 13:50:48.788, 2821, 0
2026/09/06 13:50:49.788, 1073, 0
2026/09/06 13:50:50.789, 8803, 0
2026/09/06 13:50:51.789, 8803, 12
2026/09/06 13:50:52.789, 8803, 12
2026/09/06 13:50:53.789, 8803, 12
2026/09/06 13:50:54.790, 8929, 0
2026/09/06 13:50:55.790, 8929, 0
2026/09/06 13:50:56.790, 8929, 0
2026/09/06 13:50:57.790, 9009, 1
2026/09/06 13:50:58.791, 9167, 0
2026/09/06 13:50:59.791, 14811, 0
2026/09/06 13:51:00.791, 14811, 0
2026/09/06 13:51:01.791, 21683, 18
2026/09/06 13:51:02.791, 21683, 0
2026/09/06 13:51:03.792, 20113, 10
2026/09/06 13:51:04.792, 18177, 12
2026/09/06 13:51:05.792, 16341, 12
2026/09/06 13:51:06.792, 14501, 12
2026/09/06 13:51:07.793, 1127, 0
2026/09/06 13:51:08.793, 1127, 0
2026/09/06 13:51:09.793, 8033, 96
2026/09/06 13:51:10.793, 15967, 0
2026/09/06 13:51:11.794, 15967, 0
2026/09/06 13:51:12.794, 15967, 0
2026/09/06 13:51:13.794, 15967, 0
2026/09/06 13:51:14.794, 15967, 0
2026/09/06 13:51:15.795, 15967, 0
2026/09/06 13:51:16.795, 15967, 0
2026/09/06 13:51:17.795, 15967, 0
2026/09/06 13:51:18.795, 15967, 0
2026/09/06 13:51:19.796, 15991, 24
2026/09/06 13:51:20.796, 15991, 24
2026/09/06 13:51:21.796, 15991, 24
2026/09/06 13:51:22.796, 15991, 25
2026/09/06 13:51:23.796, 15991, 25
2026/09/06 13:51:24.797, 15991, 24
2026/09/06 13:51:25.797, 15991, 25
2026/09/06 13:51:26.797, 15991, 25
2026/09/06 13:51:27.797, 15991, 25
2026/09/06 13:51:28.798, 15991, 24
2026/09/06 13:51:29.798, 15991, 25
2026/09/06 13:51:30.798, 15991, 25
2026/09/06 13:51:31.798, 15991, 25
2026/09/06 13:51:32.798, 15991, 24
2026/09/06 13:51:33.799, 15991, 25
2026/09/06 13:51:34.799, 15991, 10
2026/09/06 13:51:35.799, 15991, 10
2026/09/06 13:51:36.800, 15991, 10
2026/09/06 13:51:37.800, 15991, 10
2026/09/06 13:51:38.800, 15991, 10
2026/09/06 13:51:39.800, 15991, 9
2026/09/06 13:51:40.801, 15991, 9
2026/09/06 13:51:41.801, 15991, 10
2026/09/06 13:51:42.801, 15991, 9
2026/09/06 13:51:43.801, 15991, 10
2026/09/06 13:51:44.802, 15991, 9
2026/09/06 13:51:45.802, 15991, 10
2026/09/06 13:51:46.802, 15991, 10
2026/09/06 13:51:47.802, 15991, 9
2026/09/06 13:51:48.802, 15991, 9
2026/09/06 13:51:49.803, 15991, 9
2026/09/06 13:51:50.803, 15991, 9
2026/09/06 13:51:51.803, 15991, 9
2026/09/06 13:51:52.804, 15991, 10
2026/09/06 13:51:53.804, 15991, 9
2026/09/06 13:51:54.804, 15991, 9
2026/09/06 13:51:55.804, 15991, 10
2026/09/06 13:51:56.805, 15991, 9
2026/09/06 13:51:57.805, 15991, 10
2026/09/06 13:51:58.805, 15991, 10
2026/09/06 13:51:59.805, 15991, 10
2026/09/06 13:52:00.806, 15991, 10
2026/09/06 13:52:01.806, 15991, 10
2026/09/06 13:52:02.806, 15991, 10
2026/09/06 13:52:03.807, 15991, 10
2026/09/06 13:52:04.807, 15991, 10
2026/09/06 13:52:05.807, 15991, 10
2026/09/06 13:52:06.807, 15991, 11
2026/09/06 13:52:07.808, 15991, 10
2026/09/06 13:52:08.808, 15991, 9
2026/09/06 13:52:09.808, 15991, 9
2026/09/06 13:52:10.808, 15991, 26
2026/09/06 13:52:11.809, 15991, 25
2026/09/06 13:52:12.809, 15991, 26
2026/09/06 13:52:13.809, 15991, 26
2026/09/06 13:52:14.809, 15991, 25
2026/09/06 13:52:15.810, 15991, 26
2026/09/06 13:52:16.810, 15991, 24
2026/09/06 13:52:17.810, 15991, 24
2026/09/06 13:52:18.811, 15991, 25
2026/09/06 13:52:19.811, 15991, 26
2026/09/06 13:52:20.811, 15991, 24
2026/09/06 13:52:21.811, 15991, 25
2026/09/06 13:52:22.812, 15991, 25
2026/09/06 13:52:23.812, 15991, 26
2026/09/06 13:52:24.812, 15991, 26
2026/09/06 13:52:25.813, 15991, 20
2026/09/06 13:52:26.813, 15991, 23
2026/09/06 13:52:27.813, 15991, 20
2026/09/06 13:52:28.813, 15991, 21
2026/09/06 13:52:29.814, 15991, 25
2026/09/06 13:52:30.814, 15991, 26
2026/09/06 13:52:31.814, 15991, 24
2026/09/06 13:52:32.814, 15991, 24
2026/09/06 13:52:33.815, 15991, 26
2026/09/06 13:52:34.815, 15991, 25
2026/09/06 13:52:35.815, 15991, 21
2026/09/06 13:52:36.815, 15991, 20
2026/09/06 13:52:37.816, 15991, 14
2026/09/06 13:52:38.816, 15991, 24
2026/09/06 13:52:39.816, 15991, 25
2026/09/06 13:52:40.816, 15991, 25
2026/09/06 13:52:41.816, 15991, 26
2026/09/06 13:52:42.817, 15991, 10
2026/09/06 13:52:43.817, 15991, 10
2026/09/06 13:52:44.817, 15991, 10
2026/09/06 13:52:45.817, 15991, 9
2026/09/06 13:52:46.818, 15991, 9
2026/09/06 13:52:47.818, 15991, 10
2026/09/06 13:52:48.818, 15991, 10
2026/09/06 13:52:49.818, 15991, 9
2026/09/06 13:52:50.819, 15991, 10
2026/09/06 13:52:51.819, 15991, 10
2026/09/06 13:52:52.819, 15991, 10
2026/09/06 13:52:53.819, 15991, 10
2026/09/06 13:52:54.820, 15991, 10
2026/09/06 13:52:55.820, 15991, 10
2026/09/06 13:52:56.820, 15991, 7
2026/09/06 13:52:57.821, 15991, 8
2026/09/06 13:52:58.821, 15991, 9
2026/09/06 13:52:59.821, 15991, 10
2026/09/06 13:53:00.821, 15991, 9
2026/09/06 13:53:01.822, 15991, 10
2026/09/06 13:53:02.822, 15991, 10
2026/09/06 13:53:03.822, 15991, 9
2026/09/06 13:53:04.822, 15991, 10
2026/09/06 13:53:05.823, 15991, 10
2026/09/06 13:53:06.823, 15991, 10
2026/09/06 13:53:07.823, 15991, 10
2026/09/06 13:53:08.823, 15991, 10
2026/09/06 13:53:09.824, 15991, 9
2026/09/06 13:53:10.824, 15991, 10
2026/09/06 13:53:11.824, 15991, 9
2026/09/06 13:53:12.825, 15991, 10
2026/09/06 13:53:13.825, 15991, 9
2026/09/06 13:53:14.825, 15991, 8
2026/09/06 13:53:15.825, 15991, 10
2026/09/06 13:53:16.826, 15991, 23
2026/09/06 13:53:17.826, 15991, 26
2026/09/06 13:53:18.826, 15991, 27
2026/09/06 13:53:19.826, 15991, 26
2026/09/06 13:53:20.827, 15991, 21
2026/09/06 13:53:21.827, 15991, 21
2026/09/06 13:53:22.827, 15991, 25
2026/09/06 13:53:23.828, 15991, 26
2026/09/06 13:53:24.828, 15991, 26
2026/09/06 13:53:25.828, 15991, 26
2026/09/06 13:53:26.828, 15991, 26
2026/09/06 13:53:27.829, 15991, 26
2026/09/06 13:53:28.829, 15991, 26
2026/09/06 13:53:29.829, 15991, 26
2026/09/06 13:53:30.829, 15991, 26
2026/09/06 13:53:31.830, 15991, 26
2026/09/06 13:53:32.830, 15991, 26
2026/09/06 13:53:33.830, 15991, 26
2026/09/06 13:53:34.831, 15991, 26
2026/09/06 13:53:35.831, 15991, 26
2026/09/06 13:53:36.831, 15991, 26
2026/09/06 13:53:37.831, 15991, 26
2026/09/06 13:53:38.832, 15991, 27
2026/09/06 13:53:39.832, 15991, 26
2026/09/06 13:53:40.832, 15991, 27
2026/09/06 13:53:41.832, 15991, 27
2026/09/06 13:53:42.833, 15991, 27
2026/09/06 13:53:43.833, 15991, 27
2026/09/06 13:53:44.833, 15991, 26
2026/09/06 13:53:45.833, 15991, 27
2026/09/06 13:53:46.834, 15991, 27
2026/09/06 13:53:47.834, 15991, 27
2026/09/06 13:53:48.834, 15991, 27
2026/09/06 13:53:49.834, 15991, 11
2026/09/06 13:53:50.835, 15991, 12
2026/09/06 13:53:51.835, 15991, 10
2026/09/06 13:53:52.835, 15991, 10
2026/09/06 13:53:53.836, 15991, 10
2026/09/06 13:53:54.836, 15991, 10
2026/09/06 13:53:55.836, 15991, 10
2026/09/06 13:53:56.836, 15991, 9
2026/09/06 13:53:57.836, 15991, 9
2026/09/06 13:53:58.837, 15991, 10
2026/09/06 13:53:59.837, 15991, 9
2026/09/06 13:54:00.837, 15991, 9
2026/09/06 13:54:01.838, 15991, 9
2026/09/06 13:54:02.838, 15991, 10
2026/09/06 13:54:03.838, 15991, 10
2026/09/06 13:54:04.838, 15991, 9
2026/09/06 13:54:05.839, 15991, 9
2026/09/06 13:54:06.839, 15991, 10
2026/09/06 13:54:07.839, 15991, 10
2026/09/06 13:54:08.839, 15991, 11
2026/09/06 13:54:09.840, 15991, 11
2026/09/06 13:54:10.840, 15991, 10
2026/09/06 13:54:11.840, 15991, 10
2026/09/06 13:54:12.841, 15991, 10
2026/09/06 13:54:13.841, 15991, 10
2026/09/06 13:54:14.841, 15991, 10
2026/09/06 13:54:15.841, 15991, 10
2026/09/06 13:54:16.842, 15991, 10
2026/09/06 13:54:17.842, 15991, 10
2026/09/06 13:54:18.842, 15991, 10
2026/09/06 13:54:19.842, 15991, 10
2026/09/06 13:54:20.843, 15991, 10
2026/09/06 13:54:21.843, 15991, 9
2026/09/06 13:54:22.843, 15991, 10
2026/09/06 13:54:23.843, 15991, 9
2026/09/06 13:54:24.844, 15991, 27
2026/09/06 13:54:25.844, 15991, 27
2026/09/06 13:54:26.844, 15991, 27
2026/09/06 13:54:27.844, 15991, 27
2026/09/06 13:54:28.845, 15991, 24
2026/09/06 13:54:29.845, 15991, 25
2026/09/06 13:54:30.845, 15991, 27
2026/09/06 13:54:31.845, 15991, 26
2026/09/06 13:54:32.846, 15991, 25
2026/09/06 13:54:33.846, 15991, 26
2026/09/06 13:54:34.846, 15991, 26
2026/09/06 13:54:35.847, 15991, 25
2026/09/06 13:54:36.847, 15991, 25
2026/09/06 13:54:37.847, 15991, 27
2026/09/06 13:54:38.847, 15991, 25
2026/09/06 13:54:39.848, 15991, 26
2026/09/06 13:54:40.848, 15991, 25
2026/09/06 13:54:41.848, 15991, 26
2026/09/06 13:54:42.848, 15991, 25
2026/09/06 13:54:43.849, 15991, 25
2026/09/06 13:54:44.849, 15991, 26
2026/09/06 13:54:45.849, 8405, 95
2026/09/06 13:54:46.849, 1127, 0
2026/09/06 13:54:47.850, 3801, 0
2026/09/06 13:54:48.850, 5031, 67
2026/09/06 13:54:49.850, 5031, 0
2026/09/06 13:54:50.851, 5031, 0
2026/09/06 13:54:51.851, 1157, 0
2026/09/06 13:54:52.851, 6899, 100
2026/09/06 13:54:53.851, 16021, 34
2026/09/06 13:54:54.851, 16021, 24
2026/09/06 13:54:55.852, 16021, 25
2026/09/06 13:54:56.852, 16021, 21
2026/09/06 13:54:57.852, 16021, 11
2026/09/06 13:54:58.852, 16021, 9
2026/09/06 13:54:59.853, 16021, 9
2026/09/06 13:55:00.853, 16021, 8
2026/09/06 13:55:01.853, 16021, 9
2026/09/06 13:55:02.854, 16021, 9
2026/09/06 13:55:03.854, 16021, 9
2026/09/06 13:55:04.854, 16021, 9
2026/09/06 13:55:05.854, 16021, 9
2026/09/06 13:55:06.855, 16021, 9
2026/09/06 13:55:07.855, 16021, 9
2026/09/06 13:55:08.855, 16021, 9
2026/09/06 13:55:09.855, 16021, 10
2026/09/06 13:55:10.856, 16021, 9
2026/09/06 13:55:11.856, 16021, 10
2026/09/06 13:55:12.856, 16021, 10
2026/09/06 13:55:13.856, 16021, 9
2026/09/06 13:55:14.857, 16021, 10
2026/09/06 13:55:15.857, 16021, 10
2026/09/06 13:55:16.857, 16021, 9
2026/09/06 13:55:17.857, 16021, 10
2026/09/06 13:55:18.858, 16021, 9
2026/09/06 13:55:19.858, 16021, 11
2026/09/06 13:55:20.858, 16021, 11
2026/09/06 13:55:21.858, 16021, 10
2026/09/06 13:55:22.859, 16021, 10
2026/09/06 13:55:23.859, 16021, 10
2026/09/06 13:55:24.859, 16021, 10
2026/09/06 13:55:25.859, 16021, 10
2026/09/06 13:55:26.860, 16021, 10
2026/09/06 13:55:27.860, 16021, 10
2026/09/06 13:55:28.860, 16021, 10
2026/09/06 13:55:29.860, 16021, 9
2026/09/06 13:55:30.861, 16021, 9
2026/09/06 13:55:31.861, 16021, 10
2026/09/06 13:55:32.861, 16021, 10
2026/09/06 13:55:33.861, 16021, 26
2026/09/06 13:55:34.861, 16021, 25
2026/09/06 13:55:35.862, 16021, 26
2026/09/06 13:55:36.862, 16021, 25
2026/09/06 13:55:37.862, 16021, 25
2026/09/06 13:55:38.862, 16021, 25
2026/09/06 13:55:39.863, 16021, 25
2026/09/06 13:55:40.863, 16021, 25
2026/09/06 13:55:41.863, 16021, 25
2026/09/06 13:55:42.863, 16021, 25
2026/09/06 13:55:43.864, 16021, 25
2026/09/06 13:55:44.864, 16021, 25
2026/09/06 13:55:45.864, 16021, 25
2026/09/06 13:55:46.864, 1181, 94
2026/09/06 13:55:47.865, 3749, 0
2026/09/06 13:55:48.865, 4491, 91
2026/09/06 13:55:49.865, 4491, 94
2026/09/06 13:55:50.865, 4531, 72
2026/09/06 13:55:51.866, 4531, 0
2026/09/06 13:55:52.866, 1157, 0
2026/09/06 13:55:53.866, 9013, 95
2026/09/06 13:55:54.866, 16021, 24
2026/09/06 13:55:55.867, 16021, 23
2026/09/06 13:55:56.867, 16021, 25
2026/09/06 13:55:57.867, 16021, 25
2026/09/06 13:55:58.867, 16021, 25
2026/09/06 13:55:59.868, 16021, 25
2026/09/06 13:56:00.868, 16021, 25
2026/09/06 13:56:01.868, 16021, 24
2026/09/06 13:56:02.868, 16021, 24
2026/09/06 13:56:03.869, 16021, 24
2026/09/06 13:56:04.869, 16021, 25
2026/09/06 13:56:05.869, 16021, 25
2026/09/06 13:56:06.870, 16021, 24
2026/09/06 13:56:07.870, 16021, 8
2026/09/06 13:56:08.870, 16021, 9
2026/09/06 13:56:09.870, 16021, 7
2026/09/06 13:56:10.871, 16021, 8
2026/09/06 13:56:11.871, 16021, 8
2026/09/06 13:56:12.871, 16021, 10
2026/09/06 13:56:13.871, 16021, 10
2026/09/06 13:56:14.872, 16021, 10
2026/09/06 13:56:15.872, 16021, 10
2026/09/06 13:56:16.872, 16021, 10
2026/09/06 13:56:17.873, 16021, 10
2026/09/06 13:56:18.873, 16021, 10
2026/09/06 13:56:19.873, 16021, 10
2026/09/06 13:56:20.873, 16021, 10
2026/09/06 13:56:21.874, 16021, 10
2026/09/06 13:56:22.874, 16021, 10
2026/09/06 13:56:23.874, 16021, 10
2026/09/06 13:56:24.874, 16021, 7
2026/09/06 13:56:25.875, 16021, 9
2026/09/06 13:56:26.875, 16021, 10
2026/09/06 13:56:27.875, 16021, 10
2026/09/06 13:56:28.875, 16021, 10
2026/09/06 13:56:29.876, 16021, 7
2026/09/06 13:56:30.876, 16021, 7
2026/09/06 13:56:31.876, 16021, 9
2026/09/06 13:56:32.876, 16021, 9
2026/09/06 13:56:33.877, 16021, 10
2026/09/06 13:56:34.877, 16021, 9
2026/09/06 13:56:35.877, 16021, 9
2026/09/06 13:56:36.877, 16021, 10
2026/09/06 13:56:37.878, 16021, 10
2026/09/06 13:56:38.878, 5837, 92
2026/09/06 13:56:39.878, 1181, 0
2026/09/06 13:56:40.878, 1157, 0
2026/09/06 13:56:41.879, 3849, 45
2026/09/06 13:56:42.879, 4471, 78
2026/09/06 13:56:43.879, 4511, 67
2026/09/06 13:56:44.880, 4511, 0
2026/09/06 13:56:45.880, 1157, 0
2026/09/06 13:56:46.880, 9013, 96
2026/09/06 13:56:47.880, 16013, 24
2026/09/06 13:56:48.881, 16013, 24
2026/09/06 13:56:49.881, 16013, 25
2026/09/06 13:56:50.881, 16013, 24
2026/09/06 13:56:51.881, 16013, 20
2026/09/06 13:56:52.882, 16013, 21
2026/09/06 13:56:53.882, 16013, 23
2026/09/06 13:56:54.882, 16013, 24
2026/09/06 13:56:55.883, 16013, 24
2026/09/06 13:56:56.883, 16013, 24
2026/09/06 13:56:57.883, 16013, 20
2026/09/06 13:56:58.883, 16013, 20
2026/09/06 13:56:59.884, 16013, 26
2026/09/06 13:57:00.884, 16013, 25
2026/09/06 13:57:01.884, 16013, 24
2026/09/06 13:57:02.884, 16013, 25
2026/09/06 13:57:03.885, 16013, 25
2026/09/06 13:57:04.885, 16013, 25
2026/09/06 13:57:05.885, 16013, 24
2026/09/06 13:57:06.885, 16013, 25
2026/09/06 13:57:07.886, 16013, 25
2026/09/06 13:57:08.886, 16013, 25
2026/09/06 13:57:09.886, 16013, 26
2026/09/06 13:57:10.886, 16013, 26
2026/09/06 13:57:11.887, 16013, 25
2026/09/06 13:57:12.887, 16013, 25
2026/09/06 13:57:13.887, 16013, 25
2026/09/06 13:57:14.888, 16013, 7
2026/09/06 13:57:15.888, 16013, 10
2026/09/06 13:57:16.888, 16013, 7
2026/09/06 13:57:17.888, 16013, 10
2026/09/06 13:57:18.888, 16013, 9
2026/09/06 13:57:19.889, 16013, 10
2026/09/06 13:57:20.889, 16013, 9
2026/09/06 13:57:21.889, 16013, 9
2026/09/06 13:57:22.890, 16013, 9
2026/09/06 13:57:23.890, 16013, 10
2026/09/06 13:57:24.890, 16013, 10
2026/09/06 13:57:25.890, 16013, 9
2026/09/06 13:57:26.891, 16013, 7
2026/09/06 13:57:27.891, 16013, 9
2026/09/06 13:57:28.891, 16013, 9
2026/09/06 13:57:29.891, 16013, 10
2026/09/06 13:57:30.892, 16013, 9
2026/09/06 13:57:31.892, 16013, 10
2026/09/06 13:57:32.892, 16013, 10
2026/09/06 13:57:33.892, 16013, 7
2026/09/06 13:57:34.893, 16013, 10
2026/09/06 13:57:35.893, 16013, 9
2026/09/06 13:57:36.893, 16013, 7
2026/09/06 13:57:37.893, 16013, 7
2026/09/06 13:57:38.893, 16013, 7
2026/09/06 13:57:39.894, 16013, 10
2026/09/06 13:57:40.894, 16013, 10
2026/09/06 13:57:41.894, 16013, 9
2026/09/06 13:57:42.895, 16013, 9
2026/09/06 13:57:43.895, 16013, 9
2026/09/06 13:57:44.895, 16013, 10
2026/09/06 13:57:45.895, 16013, 7
2026/09/06 13:57:46.896, 16013, 7
2026/09/06 13:57:47.896, 16013, 9
2026/09/06 13:57:48.896, 16013, 9
2026/09/06 13:57:49.896, 16013, 9
2026/09/06 13:57:50.896, 16013, 20
2026/09/06 13:57:51.897, 16013, 20
2026/09/06 13:57:52.897, 16013, 21
2026/09/06 13:57:53.897, 16013, 21
2026/09/06 13:57:54.897, 16013, 26
2026/09/06 13:57:55.898, 16013, 26
2026/09/06 13:57:56.898, 16013, 26
2026/09/06 13:57:57.898, 16013, 25
2026/09/06 13:57:58.898, 16013, 26
2026/09/06 13:57:59.899, 16013, 26
2026/09/06 13:58:00.899, 16013, 25
2026/09/06 13:58:01.899, 16013, 25
2026/09/06 13:58:02.899, 16013, 26
2026/09/06 13:58:03.900, 16013, 26
2026/09/06 13:58:04.900, 16013, 25
2026/09/06 13:58:05.900, 16013, 26
2026/09/06 13:58:06.900, 16013, 26
2026/09/06 13:58:07.901, 16013, 26
2026/09/06 13:58:08.901, 16013, 26
2026/09/06 13:58:09.901, 16013, 26
2026/09/06 13:58:10.902, 16013, 26
2026/09/06 13:58:11.902, 16013, 26
2026/09/06 13:58:12.902, 16013, 25
2026/09/06 13:58:13.902, 16013, 26
2026/09/06 13:58:14.903, 1173, 94
2026/09/06 13:58:15.903, 3727, 0
2026/09/06 13:58:16.903, 4991, 97
2026/09/06 13:58:17.903, 4991, 0
2026/09/06 13:58:18.904, 1157, 67
2026/09/06 13:58:19.904, 2437, 0
2026/09/06 13:58:20.904, 16021, 0
2026/09/06 13:58:21.904, 16021, 21
2026/09/06 13:58:22.905, 16021, 10
2026/09/06 13:58:23.905, 16021, 11
2026/09/06 13:58:24.905, 16021, 9
2026/09/06 13:58:25.905, 16021, 9
2026/09/06 13:58:26.906, 16021, 9
2026/09/06 13:58:27.906, 16021, 9
2026/09/06 13:58:28.906, 16021, 9
2026/09/06 13:58:29.906, 16021, 9
2026/09/06 13:58:30.907, 16021, 10
2026/09/06 13:58:31.907, 16021, 10
2026/09/06 13:58:32.907, 16021, 9
2026/09/06 13:58:33.907, 16021, 10
2026/09/06 13:58:34.907, 16021, 9
2026/09/06 13:58:35.908, 16021, 9
2026/09/06 13:58:36.908, 16021, 10
2026/09/06 13:58:37.908, 16021, 10
2026/09/06 13:58:38.909, 16021, 7
2026/09/06 13:58:39.909, 16021, 7
2026/09/06 13:58:40.909, 16021, 8
2026/09/06 13:58:41.909, 16021, 9
2026/09/06 13:58:42.910, 16021, 10
2026/09/06 13:58:43.910, 16021, 10
2026/09/06 13:58:44.910, 16021, 9
2026/09/06 13:58:45.910, 16021, 9
2026/09/06 13:58:46.911, 16021, 10
2026/09/06 13:58:47.911, 16021, 9
2026/09/06 13:58:48.911, 16021, 9
2026/09/06 13:58:49.911, 16021, 10
2026/09/06 13:58:50.912, 16021, 10
2026/09/06 13:58:51.912, 16021, 9
2026/09/06 13:58:52.912, 16021, 9
2026/09/06 13:58:53.913, 16021, 9
2026/09/06 13:58:54.913, 16021, 9
2026/09/06 13:58:55.913, 16021, 9
2026/09/06 13:58:56.913, 16021, 9
2026/09/06 13:58:57.914, 16021, 11
2026/09/06 13:58:58.914, 16021, 9
2026/09/06 13:58:59.914, 16021, 22
2026/09/06 13:59:00.914, 16021, 9
2026/09/06 13:59:01.915, 16021, 9
2026/09/06 13:59:02.915, 16021, 9
2026/09/06 13:59:03.915, 16021, 10
2026/09/06 13:59:04.915, 16021, 9
2026/09/06 13:59:05.916, 16021, 9
2026/09/06 13:59:06.916, 16021, 9
2026/09/06 13:59:07.916, 16021, 9
2026/09/06 13:59:08.916, 16021, 9
2026/09/06 13:59:09.917, 16021, 9
2026/09/06 13:59:10.917, 16021, 7
2026/09/06 13:59:11.917, 16021, 7
2026/09/06 13:59:12.917, 16021, 7
2026/09/06 13:59:13.918, 16021, 9
2026/09/06 13:59:14.918, 16021, 9
2026/09/06 13:59:15.918, 16021, 9
2026/09/06 13:59:16.918, 16021, 9
2026/09/06 13:59:17.919, 16021, 9
2026/09/06 13:59:18.919, 16021, 9
2026/09/06 13:59:19.919, 16021, 9
2026/09/06 13:59:20.920, 16021, 10
2026/09/06 13:59:21.920, 16021, 9
2026/09/06 13:59:22.920, 16021, 9
2026/09/06 13:59:23.920, 16021, 9
2026/09/06 13:59:24.920, 16021, 9
2026/09/06 13:59:25.921, 16021, 9
2026/09/06 13:59:26.921, 16021, 6
2026/09/06 13:59:27.921, 16021, 6
2026/09/06 13:59:28.921, 16021, 8
2026/09/06 13:59:29.922, 16021, 9
2026/09/06 13:59:30.922, 16021, 9
2026/09/06 13:59:31.922, 16021, 7
2026/09/06 13:59:32.922, 16021, 7
2026/09/06 13:59:33.923, 16021, 24
2026/09/06 13:59:34.923, 16021, 25
2026/09/06 13:59:35.923, 1181, 94
2026/09/06 13:59:36.923, 3749, 0
2026/09/06 13:59:37.924, 4471, 90
2026/09/06 13:59:38.924, 4531, 93
2026/09/06 13:59:39.924, 4531, 29
2026/09/06 13:59:40.925, 4531, 0
2026/09/06 13:59:41.925, 4489, 15
2026/09/06 13:59:42.925, 4489, 0
2026/09/06 13:59:43.925, 4, 0
2026/09/06 13:59:46.353, 1, 0
2026/09/06 13:59:47.353, 1, 0
2026/09/06 13:59:48.353, 1, 0
2026/09/06 13:59:49.354, 1, 0
2026/09/06 13:59:50.354, 1, 0
2026/09/06 13:59:51.354, 1, 0
2026/09/06 13:59:52.354, 1, 0
2026/09/06 13:59:53.355, 1, 0
2026/09/06 13:59:54.355, 1, 0
2026/09/06 13:59:55.355, 1, 0
2026/09/06 13:59:56.355, 1, 0
2026/09/06 13:59:57.356, 1, 0
2026/09/06 13:59:58.356, 4, 0
2026/09/06 13:59:59.356, 4, 0
2026/09/06 14:00:00.356, 4, 0
2026/09/06 14:00:01.357, 4, 0
2026/09/06 14:00:02.357, 4, 0
2026/09/06 14:00:03.357, 4, 0
2026/09/06 14:00:04.357, 4, 0
2026/09/06 14:00:05.358, 4, 0
2026/09/06 14:00:06.358, 4, 0
2026/09/06 14:00:07.358, 4, 0
2026/09/06 14:00:08.358, 4, 0
2026/09/06 14:00:09.359, 4, 0
2026/09/06 14:00:10.359, 4, 0
2026/09/06 14:00:11.359, 4, 0
2026/09/06 14:00:12.360, 4, 0
2026/09/06 14:00:13.360, 4, 0
2026/09/06 14:00:14.360, 4, 0
2026/09/06 14:00:15.360, 4, 0
2026/09/06 14:00:16.361, 4, 0
2026/09/06 14:00:17.361, 4, 0
2026/09/06 14:00:18.361, 4, 0
2026/09/06 14:00:19.361, 4, 0
2026/09/06 14:00:20.362, 4, 0
2026/09/06 14:00:21.362, 4, 0
2026/09/06 14:00:22.362, 4, 0
2026/09/06 14:00:23.362, 4, 0
2026/09/06 14:00:24.363, 4, 0
2026/09/06 14:00:25.363, 4, 0
2026/09/06 14:00:26.363, 4, 0
2026/09/06 14:00:27.363, 4, 0
2026/09/06 14:00:28.364, 4, 0
2026/09/06 14:00:29.364, 4, 0
2026/09/06 14:00:30.364, 4, 0
2026/09/06 14:00:31.364, 4, 0
2026/09/06 14:00:32.365, 4, 0
2026/09/06 14:00:33.365, 4, 0
2026/09/06 14:00:34.365, 4, 0
2026/09/06 14:00:35.366, 4, 0
2026/09/06 14:00:36.366, 4, 0
2026/09/06 14:00:37.366, 4, 0
2026/09/06 14:00:38.366, 4, 0
2026/09/06 14:00:39.367, 4, 0
2026/09/06 14:00:40.367, 4, 0
2026/09/06 14:00:41.367, 4, 0
2026/09/06 14:00:42.367, 4, 0
2026/09/06 14:00:43.367, 4, 0
2026/09/06 14:00:44.368, 4, 0
2026/09/06 14:00:45.368, 21, 0
2026/09/06 14:00:46.368, 395, 0
2026/09/06 14:00:47.368, 395, 0
2026/09/06 14:00:48.369, 733, 4
2026/09/06 14:00:49.369, 735, 4
2026/09/06 14:00:50.369, 737, 4
2026/09/06 14:00:51.369, 737, 4
2026/09/06 14:00:52.370, 739, 4
2026/09/06 14:00:53.370, 741, 4
2026/09/06 14:00:54.370, 743, 5
2026/09/06 14:00:55.370, 745, 3
2026/09/06 14:00:56.371, 747, 4
2026/09/06 14:00:57.371, 747, 11
2026/09/06 14:00:58.371, 749, 4
2026/09/06 14:00:59.371, 751, 5
2026/09/06 14:01:00.372, 2237, 3
2026/09/06 14:01:01.372, 2239, 2
2026/09/06 14:01:02.372, 2239, 6
2026/09/06 14:01:03.373, 2239, 14
2026/09/06 14:01:04.373, 2239, 16
2026/09/06 14:01:05.373, 2239, 8
2026/09/06 14:01:06.373, 2239, 15
2026/09/06 14:01:07.374, 2239, 7
2026/09/06 14:01:08.374, 2241, 0
2026/09/06 14:01:09.374, 2821, 0
2026/09/06 14:01:10.374, 2821, 13
2026/09/06 14:01:11.375, 2821, 11
2026/09/06 14:01:12.375, 2821, 15
2026/09/06 14:01:13.375, 2821, 13
2026/09/06 14:01:14.376, 2821, 0
2026/09/06 14:01:15.376, 2821, 0
2026/09/06 14:01:16.376, 2821, 0
2026/09/06 14:01:17.376, 2821, 0
2026/09/06 14:01:18.377, 2821, 0
2026/09/06 14:01:19.377, 2821, 0
2026/09/06 14:01:20.377, 2821, 0
2026/09/06 14:01:21.377, 2821, 0
2026/09/06 14:01:22.377, 2821, 0
2026/09/06 14:01:23.378, 2821, 0
2026/09/06 14:01:24.378, 2821, 0
2026/09/06 14:01:25.378, 2821, 0
2026/09/06 14:01:26.378, 2821, 0
2026/09/06 14:01:27.379, 2821, 0
2026/09/06 14:01:28.379, 2821, 0
2026/09/06 14:01:29.379, 2821, 0
2026/09/06 14:01:30.379, 2821, 0
2026/09/06 14:01:31.380, 2821, 0
2026/09/06 14:01:32.380, 2821, 0
2026/09/06 14:01:33.380, 2821, 0
2026/09/06 14:01:34.381, 2821, 0
2026/09/06 14:01:35.381, 2821, 0
2026/09/06 14:01:36.381, 2821, 0
2026/09/06 14:01:37.381, 2821, 0
2026/09/06 14:01:38.382, 2821, 0
2026/09/06 14:01:39.382, 2821, 0
2026/09/06 14:01:40.382, 2821, 0
2026/09/06 14:01:41.382, 2821, 0
2026/09/06 14:01:42.383, 2821, 0
2026/09/06 14:01:43.383, 2821, 0
2026/09/06 14:01:44.383, 2821, 0
2026/09/06 14:01:45.383, 2821, 0
2026/09/06 14:01:46.384, 2821, 0
2026/09/06 14:01:47.384, 2821, 0
2026/09/06 14:01:48.384, 2821, 0
2026/09/06 14:01:49.384, 2821, 0
2026/09/06 14:01:50.385, 2794, 0
2026/09/06 14:01:51.385, 1, 0
2026/09/06 14:01:53.272, 1, 0
2026/09/06 14:01:54.272, 1, 0
2026/09/06 14:01:55.272, 1, 0
2026/09/06 14:01:56.273, 1, 0
2026/09/06 14:01:57.273, 1, 0
2026/09/06 14:01:58.273, 1, 0
2026/09/06 14:01:59.274, 1, 0
2026/09/06 14:02:00.274, 1, 0
2026/09/06 14:02:01.274, 1, 0
2026/09/06 14:02:02.274, 1, 0
2026/09/06 14:02:03.275, 1, 0
2026/09/06 14:02:04.275, 1, 0
2026/09/06 14:02:05.275, 1, 0
2026/09/06 14:02:06.275, 1, 0
2026/09/06 14:02:07.276, 1, 0
2026/09/06 14:02:08.276, 1, 0
2026/09/06 14:02:09.276, 1, 0
2026/09/06 14:02:10.276, 1, 0
2026/09/06 14:02:11.276, 1, 0
2026/09/06 14:02:12.277, 1, 0
2026/09/06 14:02:13.277, 1, 0
2026/09/06 14:02:14.277, 1, 0
2026/09/06 14:02:15.278, 1, 0
2026/09/06 14:02:16.278, 1, 0
2026/09/06 14:02:17.278, 1, 0
2026/09/06 14:02:18.278, 1, 0
2026/09/06 14:02:19.279, 1, 0
2026/09/06 14:02:20.279, 1, 0
2026/09/06 14:02:21.279, 1, 0
2026/09/06 14:02:22.279, 1, 0
2026/09/06 14:02:23.280, 1, 0
2026/09/06 14:02:24.280, 1, 0
2026/09/06 14:02:25.280, 1, 0
2026/09/06 14:02:26.280, 1, 0
2026/09/06 14:02:27.281, 1, 0
2026/09/06 14:02:28.281, 1, 0
2026/09/06 14:02:29.281, 1, 0
2026/09/06 14:02:30.281, 1, 0
2026/09/06 14:02:31.282, 1, 0
2026/09/06 14:02:32.282, 1, 0
2026/09/06 14:02:33.282, 1, 0
2026/09/06 14:02:34.282, 1, 0
2026/09/06 14:02:35.283, 1, 0
2026/09/06 14:02:36.283, 1, 0
2026/09/06 14:02:37.283, 1, 0
2026/09/06 14:02:38.284, 1, 0
2026/09/06 14:02:39.284, 1, 0
2026/09/06 14:02:40.284, 1, 0
2026/09/06 14:02:41.284, 1, 0
2026/09/06 14:02:42.285, 1, 0
2026/09/06 14:02:43.285, 1, 0
2026/09/06 14:02:44.285, 1, 0
2026/09/06 14:02:45.285, 1, 0
2026/09/06 14:02:46.286, 1, 0
2026/09/06 14:02:47.286, 1, 0
2026/09/06 14:02:48.286, 1, 0
2026/09/06 14:02:49.286, 1, 0
2026/09/06 14:02:50.287, 1, 0
2026/09/06 14:02:51.287, 1, 0
2026/09/06 14:02:52.287, 1, 0
2026/09/06 14:02:53.287, 1, 0
2026/09/06 14:02:54.288, 1, 0
2026/09/06 14:02:55.288, 1, 0
2026/09/06 14:02:56.288, 1, 0
2026/09/06 14:02:57.288, 1, 0
2026/09/06 14:02:58.289, 1, 0
2026/09/06 14:02:59.289, 1, 0
2026/09/06 14:03:00.289, 1, 0
2026/09/06 14:03:01.289, 1, 0
2026/09/06 14:03:02.290, 1, 0
2026/09/06 14:03:03.290, 1, 0
2026/09/06 14:03:04.290, 1, 0
2026/09/06 14:03:05.291, 1, 0
2026/09/06 14:03:06.291, 1, 0
2026/09/06 14:03:07.291, 1, 0
2026/09/06 14:03:08.291, 1, 0
2026/09/06 14:03:09.292, 1, 0
2026/09/06 14:03:10.292, 1, 0
2026/09/06 14:03:11.292, 1, 0
2026/09/06 14:03:12.292, 1, 0
2026/09/06 14:03:13.293, 1, 0
2026/09/06 14:03:14.293, 1, 0
2026/09/06 14:03:15.293, 1, 0
2026/09/06 14:03:16.293, 1, 0
2026/09/06 14:03:17.294, 4, 0
2026/09/06 14:03:18.294, 500, 0
2026/09/06 14:03:19.294, 8228, 24
2026/09/06 14:03:20.294, 8228, 4
2026/09/06 14:03:21.295, 9086, 1
2026/09/06 14:03:22.295, 8262, 0
2026/09/06 14:03:23.295, 22144, 0
2026/09/06 14:03:24.295, 22144, 0
2026/09/06 14:03:25.296, 22144, 0
2026/09/06 14:03:26.296, 22144, 0
2026/09/06 14:03:27.296, 22144, 0
2026/09/06 14:03:28.296, 22144, 0
2026/09/06 14:03:29.297, 22144, 0
2026/09/06 14:03:30.297, 22144, 0
2026/09/06 14:03:31.297, 1, 68
2026/09/06 14:03:32.297, 1, 0
2026/09/06 14:03:33.298, 1, 0
2026/09/06 14:03:34.298, 1, 0
2026/09/06 14:03:35.298, 1, 0
2026/09/06 14:03:36.298, 1, 0
2026/09/06 14:03:37.299, 1, 0
2026/09/06 14:03:38.299, 1, 0
2026/09/06 14:03:39.299, 1, 0
2026/09/06 14:03:40.299, 1, 0
2026/09/06 14:03:41.300, 1, 0
2026/09/06 14:03:42.300, 1, 0
2026/09/06 14:03:43.300, 1, 0
2026/09/06 14:03:44.300, 1, 0
2026/09/06 14:03:45.301, 1, 0
2026/09/06 14:03:46.301, 1, 0
2026/09/06 14:03:47.301, 4, 0
2026/09/06 14:03:48.301, 4, 0
2026/09/06 14:03:49.302, 4, 0
2026/09/06 14:03:50.302, 4, 0
2026/09/06 14:03:51.302, 4, 0
2026/09/06 14:03:52.302, 4, 0
2026/09/06 14:03:53.303, 4, 0
2026/09/06 14:03:54.303, 4, 0
2026/09/06 14:03:55.303, 4, 0
2026/09/06 14:03:56.303, 4, 0
2026/09/06 14:03:57.304, 4, 0
2026/09/06 14:03:58.304, 4, 0
2026/09/06 14:03:59.304, 4, 0
2026/09/06 14:04:00.304, 4, 0
2026/09/06 14:04:01.305, 4, 0
2026/09/06 14:04:02.305, 4, 0
2026/09/06 14:04:03.305, 4, 0
2026/09/06 14:04:04.305, 4, 0
2026/09/06 14:04:05.306, 4, 0
2026/09/06 14:04:06.306, 4, 0
2026/09/06 14:04:07.306, 4, 0
2026/09/06 14:04:08.307, 4, 0
2026/09/06 14:04:09.307, 4, 0
2026/09/06 14:04:10.307, 4, 0
2026/09/06 14:04:11.307, 4, 0
2026/09/06 14:04:12.308, 4, 0
2026/09/06 14:04:13.308, 4, 0
2026/09/06 14:04:14.308, 4, 0
2026/09/06 14:04:15.308, 4, 0
2026/09/06 14:04:16.309, 4, 0
2026/09/06 14:04:17.309, 4, 0
2026/09/06 14:04:18.309, 4, 0
2026/09/06 14:04:19.309, 4, 0
2026/09/06 14:04:20.309, 4, 0
2026/09/06 14:04:21.310, 4, 0
2026/09/06 14:04:22.310, 4, 0
2026/09/06 14:04:23.310, 4, 0
2026/09/06 14:04:24.310, 4, 0
2026/09/06 14:04:25.311, 4, 0
2026/09/06 14:04:26.311, 4, 0
2026/09/06 14:04:27.311, 4, 0
2026/09/06 14:04:28.312, 4, 0
2026/09/06 14:04:29.312, 4, 0
2026/09/06 14:04:30.312, 4, 0
2026/09/06 14:04:31.312, 4, 0
2026/09/06 14:04:32.313, 4, 0
2026/09/06 14:04:33.313, 4, 0
2026/09/06 14:04:34.313, 4, 0
2026/09/06 14:04:35.313, 4, 0
2026/09/06 14:04:36.314, 395, 0
2026/09/06 14:04:37.314, 395, 0
2026/09/06 14:04:38.314, 733, 8
2026/09/06 14:04:39.315, 735, 11
2026/09/06 14:04:40.315, 735, 10
2026/09/06 14:04:41.315, 737, 5
2026/09/06 14:04:42.315, 739, 4
2026/09/06 14:04:43.316, 741, 5
2026/09/06 14:04:44.316, 743, 4
2026/09/06 14:04:45.316, 745, 3
2026/09/06 14:04:46.316, 747, 11
2026/09/06 14:04:47.317, 749, 11
2026/09/06 14:04:48.317, 749, 4
2026/09/06 14:04:49.317, 751, 4
2026/09/06 14:04:50.317, 2237, 7
2026/09/06 14:04:51.318, 2239, 5
2026/09/06 14:04:52.318, 2239, 11
2026/09/06 14:04:53.318, 2239, 3
2026/09/06 14:04:54.318, 2239, 3
2026/09/06 14:04:55.319, 2239, 3
2026/09/06 14:04:56.319, 2239, 3
2026/09/06 14:04:57.319, 2239, 3
2026/09/06 14:04:58.319, 2239, 3
2026/09/06 14:04:59.320, 2239, 11
2026/09/06 14:05:00.320, 2239, 13
2026/09/06 14:05:01.320, 2239, 3
2026/09/06 14:05:02.320, 2239, 3
2026/09/06 14:05:03.321, 2239, 3
2026/09/06 14:05:04.321, 2241, 0
2026/09/06 14:05:05.321, 2821, 3
2026/09/06 14:05:06.322, 2821, 2
2026/09/06 14:05:07.322, 2821, 9
2026/09/06 14:05:08.322, 2821, 4
2026/09/06 14:05:09.322, 2821, 7
2026/09/06 14:05:10.323, 2821, 6
2026/09/06 14:05:11.323, 2821, 8
2026/09/06 14:05:12.323, 2821, 8
2026/09/06 14:05:13.323, 2821, 7
2026/09/06 14:05:14.323, 2821, 13
2026/09/06 14:05:15.324, 2821, 4
2026/09/06 14:05:16.324, 2821, 0
2026/09/06 14:05:17.324, 2821, 0
2026/09/06 14:05:18.325, 2821, 0
2026/09/06 14:05:19.325, 2821, 0
2026/09/06 14:05:20.325, 2821, 0
2026/09/06 14:05:21.325, 2821, 0
2026/09/06 14:05:22.326, 2821, 0
2026/09/06 14:05:23.326, 2821, 0
2026/09/06 14:05:24.326, 2821, 0
2026/09/06 14:05:25.326, 2821, 0
2026/09/06 14:05:26.327, 2821, 0
2026/09/06 14:05:27.327, 2821, 0
2026/09/06 14:05:28.327, 2821, 0
2026/09/06 14:05:29.327, 2821, 0
2026/09/06 14:05:30.328, 2821, 0
2026/09/06 14:05:31.328, 2821, 0
2026/09/06 14:05:32.328, 2821, 0
2026/09/06 14:05:33.328, 2821, 0
2026/09/06 14:05:34.329, 2821, 0
2026/09/06 14:05:35.329, 2821, 0
2026/09/06 14:05:36.329, 2821, 0
2026/09/06 14:05:37.329, 2821, 0
2026/09/06 14:05:38.330, 2821, 0
2026/09/06 14:05:39.330, 2821, 0
2026/09/06 14:05:40.330, 2821, 0
2026/09/06 14:05:41.330, 2821, 0
2026/09/06 14:05:42.331, 2821, 0
2026/09/06 14:05:43.331, 2821, 0
2026/09/06 14:05:44.331, 2821, 0
2026/09/06 14:05:45.331, 2821, 0
2026/09/06 14:05:46.332, 2821, 0
2026/09/06 14:05:47.332, 2821, 0
2026/09/06 14:05:48.332, 2821, 0
2026/09/06 14:05:49.332, 2821, 0
2026/09/06 14:05:50.332, 2821, 0
2026/09/06 14:05:51.333, 2821, 0
2026/09/06 14:05:52.333, 2821, 0
2026/09/06 14:05:53.333, 2821, 0
2026/09/06 14:05:54.334, 2821, 0
2026/09/06 14:05:55.334, 2821, 0
2026/09/06 14:05:56.334, 2821, 0
2026/09/06 14:05:57.334, 2821, 0
2026/09/06 14:05:58.335, 2821, 0
2026/09/06 14:05:59.335, 2821, 0
2026/09/06 14:06:00.335, 2821, 0
2026/09/06 14:06:01.335, 2821, 0
2026/09/06 14:06:02.336, 2821, 0
2026/09/06 14:06:03.336, 2821, 0
2026/09/06 14:06:04.336, 2821, 0
2026/09/06 14:06:05.336, 2821, 0
2026/09/06 14:06:06.337, 2821, 0
2026/09/06 14:06:07.337, 2821, 0
2026/09/06 14:06:08.337, 2821, 0
2026/09/06 14:06:09.337, 2821, 0
2026/09/06 14:06:10.338, 2821, 0
2026/09/06 14:06:11.338, 2821, 0
2026/09/06 14:06:12.338, 2821, 0
2026/09/06 14:06:13.338, 2821, 0
2026/09/06 14:06:14.339, 2821, 0
2026/09/06 14:06:15.339, 2821, 0
2026/09/06 14:06:16.339, 2821, 0
2026/09/06 14:06:17.340, 2821, 0
2026/09/06 14:06:18.340, 2821, 0
2026/09/06 14:06:19.340, 2821, 0
2026/09/06 14:06:20.341, 2821, 0
2026/09/06 14:06:21.341, 2821, 0
2026/09/06 14:06:22.341, 2821, 0
2026/09/06 14:06:23.341, 1073, 0
2026/09/06 14:06:24.342, 8803, 12
2026/09/06 14:06:25.342, 8803, 12
2026/09/06 14:06:26.342, 8803, 12
2026/09/06 14:06:27.342, 8847, 2
2026/09/06 14:06:28.343, 8929, 0
2026/09/06 14:06:29.343, 8929, 0
2026/09/06 14:06:30.343, 8929, 0
2026/09/06 14:06:31.343, 9009, 0
2026/09/06 14:06:32.344, 14811, 20
2026/09/06 14:06:33.344, 14811, 0
2026/09/06 14:06:34.344, 8965, 0
2026/09/06 14:06:35.344, 21683, 80
2026/09/06 14:06:36.345, 21683, 0
2026/09/06 14:06:37.345, 19533, 12
2026/09/06 14:06:38.345, 17791, 11
2026/09/06 14:06:39.345, 15875, 10
2026/09/06 14:06:40.346, 14115, 11
2026/09/06 14:06:41.346, 1127, 0
2026/09/06 14:06:42.346, 1127, 0
2026/09/06 14:06:43.346, 8983, 96
2026/09/06 14:06:44.347, 15967, 0
2026/09/06 14:06:45.347, 15967, 0
2026/09/06 14:06:46.347, 15967, 0
2026/09/06 14:06:47.347, 15967, 0
2026/09/06 14:06:48.348, 15967, 0
2026/09/06 14:06:49.348, 15967, 0
2026/09/06 14:06:50.348, 15967, 0
2026/09/06 14:06:51.348, 15967, 0
2026/09/06 14:06:52.349, 15967, 0
2026/09/06 14:06:53.349, 15967, 0
2026/09/06 14:06:54.349, 15991, 25
2026/09/06 14:06:55.349, 15991, 25
2026/09/06 14:06:56.350, 15991, 24
2026/09/06 14:06:57.350, 15991, 25
2026/09/06 14:06:58.350, 15991, 26
2026/09/06 14:06:59.350, 15991, 26
2026/09/06 14:07:00.351, 15991, 26
2026/09/06 14:07:01.351, 15991, 26
2026/09/06 14:07:02.351, 15991, 25
2026/09/06 14:07:03.351, 15991, 26
2026/09/06 14:07:04.352, 15991, 26
2026/09/06 14:07:05.352, 15991, 26
2026/09/06 14:07:06.352, 15991, 26
2026/09/06 14:07:07.352, 15991, 26
2026/09/06 14:07:08.353, 15991, 0
2026/09/06 14:07:09.353, 15946, 15
2026/09/06 14:07:10.353, 15946, 0
2026/09/06 14:07:11.354, 1, 0
2026/09/06 14:07:13.703, 1, 0
2026/09/06 14:07:14.704, 1, 0
2026/09/06 14:07:15.704, 1, 0
2026/09/06 14:07:16.704, 1, 0
2026/09/06 14:07:17.704, 1, 0
2026/09/06 14:07:18.705, 1, 0
2026/09/06 14:07:19.705, 1, 0
2026/09/06 14:07:20.705, 1, 0
2026/09/06 14:07:21.705, 1, 0
2026/09/06 14:07:22.706, 1, 0
2026/09/06 14:07:23.706, 1, 0
2026/09/06 14:07:24.706, 1, 0
2026/09/06 14:07:25.706, 1, 0
2026/09/06 14:07:26.707, 1, 0
2026/09/06 14:07:27.707, 1, 0
2026/09/06 14:07:28.707, 1, 0
2026/09/06 14:07:29.707, 1, 0
2026/09/06 14:07:30.708, 1, 0
2026/09/06 14:07:31.708, 1, 0
2026/09/06 14:07:32.708, 1, 0
2026/09/06 14:07:33.709, 1, 0
2026/09/06 14:07:34.709, 1, 0
2026/09/06 14:07:35.709, 1, 0
2026/09/06 14:07:36.709, 1, 0
2026/09/06 14:07:37.710, 1, 0
2026/09/06 14:07:38.710, 1, 0
2026/09/06 14:07:39.710, 1, 0
2026/09/06 14:07:40.710, 1, 0
2026/09/06 14:07:41.710, 1, 0
2026/09/06 14:07:42.711, 1, 0
2026/09/06 14:07:43.711, 1, 0
2026/09/06 14:07:44.711, 1, 0
2026/09/06 14:07:45.711, 1, 0
2026/09/06 14:07:46.712, 1, 0
2026/09/06 14:07:47.712, 1, 0
2026/09/06 14:07:48.712, 1, 0
2026/09/06 14:07:49.712, 1, 0
2026/09/06 14:07:50.713, 1, 0
2026/09/06 14:07:51.713, 1, 0
2026/09/06 14:07:52.713, 1, 0
2026/09/06 14:07:53.713, 1, 0
2026/09/06 14:07:54.714, 1, 0
2026/09/06 14:07:55.714, 1, 0
2026/09/06 14:07:56.714, 1, 0
2026/09/06 14:07:57.714, 1, 0
2026/09/06 14:07:58.715, 1, 0
2026/09/06 14:07:59.715, 1, 0
2026/09/06 14:08:00.715, 1, 0
2026/09/06 14:08:01.716, 1, 0
2026/09/06 14:08:02.716, 1, 0
2026/09/06 14:08:03.716, 1, 0
2026/09/06 14:08:04.716, 1, 0
2026/09/06 14:08:05.717, 1, 0
2026/09/06 14:08:06.717, 1, 0
2026/09/06 14:08:07.717, 1, 0
2026/09/06 14:08:08.717, 1, 0
2026/09/06 14:08:09.718, 1, 0
2026/09/06 14:08:10.718, 1, 0
2026/09/06 14:08:11.718, 1, 0
2026/09/06 14:08:12.718, 1, 0
2026/09/06 14:08:13.719, 1, 0
2026/09/06 14:08:14.719, 1, 0
2026/09/06 14:08:15.719, 1, 0
2026/09/06 14:08:16.720, 1, 0
2026/09/06 14:08:17.720, 1, 0
2026/09/06 14:08:18.720, 1, 0
2026/09/06 14:08:19.720, 1, 0
2026/09/06 14:08:20.721, 1, 0
2026/09/06 14:08:21.721, 1, 0
2026/09/06 14:08:22.721, 1, 0
2026/09/06 14:08:23.721, 1, 0
2026/09/06 14:08:24.722, 1, 0
2026/09/06 14:08:25.722, 1, 0
2026/09/06 14:08:26.722, 1, 0
2026/09/06 14:08:27.723, 1, 0
2026/09/06 14:08:28.723, 1, 0
2026/09/06 14:08:29.723, 1, 0
2026/09/06 14:08:30.723, 1, 0
2026/09/06 14:08:31.724, 1, 0
2026/09/06 14:08:32.724, 1, 0
2026/09/06 14:08:33.724, 1, 0
2026/09/06 14:08:34.724, 1, 0
2026/09/06 14:08:35.725, 1, 0
2026/09/06 14:08:36.725, 1, 0
2026/09/06 14:08:37.725, 1, 0
2026/09/06 14:08:38.725, 1, 0
2026/09/06 14:08:39.726, 1, 0
2026/09/06 14:08:40.726, 1, 0
2026/09/06 14:08:41.726, 1, 0
2026/09/06 14:08:42.727, 1, 0
2026/09/06 14:08:43.727, 1, 0
2026/09/06 14:08:44.727, 1, 0
2026/09/06 14:08:45.727, 1, 0
2026/09/06 14:08:46.728, 1, 0
2026/09/06 14:08:47.728, 1, 0
2026/09/06 14:08:48.728, 1, 0
2026/09/06 14:08:49.729, 1, 0
2026/09/06 14:08:50.729, 1, 0
2026/09/06 14:08:51.729, 1, 0
2026/09/06 14:08:52.729, 1, 0
2026/09/06 14:08:53.730, 1, 0
2026/09/06 14:08:54.730, 1, 0
2026/09/06 14:08:55.730, 1, 0
2026/09/06 14:08:56.731, 1, 0
2026/09/06 14:08:57.731, 1, 0
2026/09/06 14:08:58.731, 1, 0
2026/09/06 14:08:59.731, 1, 0
2026/09/06 14:09:00.732, 1, 0
2026/09/06 14:09:01.732, 1, 0
2026/09/06 14:09:02.732, 1, 0
2026/09/06 14:09:03.732, 1, 0
